CLAVE_CASILLA,ID_ESTADO,estrato,PAN,PRI,PRD,PAN_PRI_PRD,PAN_PRI,PAN_PRD,PRI_PRD,PVEM,PT,MC,MORENA_PANAL,PES,RSP,FPM,CNR,NULOS
060001B0100,6,3,38,40,8,10,3,16,19,29,55,63,5,29,0,2,53,0
060001C0100,6,3,33,35,7,21,4,25,22,31,69,58,2,26,4,3,39,0
060001C0200,6,3,27,38,6,14,2,22,12,32,53,66,4,29,3,4,34,0
060001C0300,6,3,29,51,5,18,5,16,13,27,58,60,4,19,2,3,38,0
060001C0400,6,3,32,34,5,23,2,19,18,23,65,58,3,24,2,1,38,0
060001C0500,6,3,33,49,11,20,1,13,16,31,58,67,1,31,1,2,31,0
060001C0600,6,3,24,32,11,19,8,19,20,28,63,57,8,30,4,5,43,1
060001C0700,6,3,32,40,7,15,3,23,19,25,66,57,2,26,1,3,40,0
060002B0100,6,1,20,23,7,12,3,14,7,16,42,35,4,15,4,3,28,0
060002C0100,6,1,25,30,3,14,4,12,11,22,33,32,3,13,1,2,18,0
060003B0100,6,4,23,35,4,24,3,18,10,22,40,30,3,12,3,3,30,1
060003C0100,6,4,31,25,5,15,2,11,9,21,40,49,3,15,2,2,26,1
060003C0200,6,4,27,35,8,13,1,15,11,15,40,41,5,24,0,1,27,0
060004B0100,6,3,30,44,5,18,4,23,12,21,57,52,3,28,1,6,27,0
060005B0100,6,1,14,33,3,17,0,17,7,12,59,41,0,19,1,3,24,0
060006B0100,6,3,32,35,7,18,5,21,16,18,39,46,1,33,3,2,22,0
060006C0100,6,3,33,35,11,21,6,16,16,17,61,45,3,16,2,5,34,0
060006C0200,6,3,38,41,7,19,3,25,20,23,47,48,5,26,2,5,30,0
060007B0100,6,1,37,48,9,11,6,18,8,20,65,72,9,31,3,2,31,0
060008B0100,6,3,23,30,6,11,3,16,8,20,57,39,4,14,1,2,22,0
060008C0100,6,3,22,27,4,9,2,17,13,17,51,37,2,9,1,2,27,0
060009B0100,6,3,20,31,4,11,3,16,9,16,47,32,3,16,0,1,28,0
060009C0100,6,3,13,29,10,7,6,14,11,20,25,30,2,18,0,2,31,0
060010B0100,6,3,30,35,8,13,3,13,16,22,36,52,1,21,0,5,19,0
060010C0100,6,3,32,25,7,24,0,9,10,28,36,39,2,12,1,3,32,0
060011B0100,6,3,34,29,7,22,2,20,12,12,44,40,6,20,5,3,29,0
060012B0100,6,1,19,26,7,13,0,21,9,19,35,46,1,15,0,0,23,0
060012C0100,6,1,22,22,7,11,3,16,15,26,38,35,2,15,2,3,26,0
060013B0100,6,3,18,36,9,11,3,13,11,22,39,50,3,14,1,1,31,0
060013C0100,6,3,28,26,4,20,1,17,11,18,40,35,3,13,1,1,30,0
060013C0200,6,3,19,28,14,11,4,16,8,28,49,42,2,24,2,0,35,3
060014B0100,6,1,14,16,6,12,1,15,11,14,41,50,5,19,0,4,17,0
060014C0100,6,1,16,17,6,17,2,12,5,9,40,37,2,18,1,3,19,0
060015B0100,6,1,25,22,5,7,1,12,9,21,43,36,2,15,1,2,27,0
060016B0100,6,3,31,39,4,20,4,17,16,27,56,45,4,13,4,7,30,0
060017B0100,6,3,33,34,6,20,4,28,15,29,47,61,3,27,5,5,33,0
060018B0100,6,3,17,21,4,8,2,15,11,11,37,39,2,17,0,4,22,0
060018C0100,6,3,18,26,4,13,1,12,8,13,40,31,4,15,2,5,21,1
060019B0100,6,3,21,28,4,18,0,14,17,21,31,43,2,13,0,2,28,0
060019C0100,6,3,19,31,10,9,3,14,9,14,41,51,2,5,1,2,24,0
060020B0100,6,3,25,27,3,19,0,13,7,17,35,30,0,16,2,1,25,0
060020C0100,6,3,20,19,5,11,2,15,5,10,44,36,5,14,3,3,25,0
060021B0100,6,1,29,37,4,17,1,19,13,18,48,48,4,14,3,3,26,0
060021C0100,6,1,37,14,6,15,5,13,13,20,55,38,0,16,2,5,23,0
060022B0100,6,1,16,23,1,6,0,10,5,15,42,33,2,15,2,1,23,0
060022C0100,6,1,15,18,4,16,2,11,9,12,22,27,2,10,1,1,20,0
060023B0100,6,1,26,33,4,15,3,32,19,29,58,48,3,24,3,4,22,0
060023C0100,6,1,24,27,5,23,7,15,12,23,54,70,9,20,1,7,36,0
060023C0200,6,1,35,43,9,7,2,17,12,24,52,59,6,24,6,2,41,0
060023C0300,6,1,33,40,5,25,4,13,11,30,48,52,3,24,1,5,28,1
060024B0100,6,1,41,40,13,21,4,23,19,17,53,60,7,30,2,2,29,0
060024C0100,6,1,26,43,6,14,5,20,15,21,57,51,4,27,7,1,35,0
060024C0200,6,1,32,39,6,15,3,18,12,34,54,59,4,21,2,3,37,2
060024C0300,6,1,24,42,10,13,8,19,9,24,67,53,6,21,2,5,33,1
060024C0400,6,1,27,32,7,14,1,36,14,28,60,61,5,18,2,4,31,0
060024C0500,6,1,32,40,5,22,4,21,18,25,49,54,3,18,4,1,40,0
060024C0600,6,1,41,31,4,22,2,17,21,22,56,59,5,25,0,3,36,0
060025B0100,6,1,19,35,5,14,3,26,15,23,42,56,2,18,1,1,31,1
060025C0100,6,1,35,41,4,14,0,16,10,15,37,47,2,21,2,1,21,0
060026B0100,6,1,17,21,6,9,3,21,11,19,39,26,7,9,1,2,23,1
060026C0100,6,1,21,29,4,9,2,11,16,15,34,31,0,11,0,0,23,0
060027B0100,6,1,40,39,8,14,5,27,22,27,63,62,0,22,1,2,41,0
060028B0100,6,3,28,25,5,10,2,8,4,24,32,42,3,22,2,0,18,0
060028S0100,6,3,54,63,11,28,6,46,27,45,107,97,9,40,4,7,64,1
060029B0100,6,3,25,34,7,13,5,24,14,25,60,66,2,28,4,2,38,0
060030B0100,6,1,16,18,3,9,2,13,8,11,42,47,2,16,3,5,30,0
060031B0100,6,1,26,21,7,13,1,19,8,21,34,46,1,25,0,2,15,0
060031C0100,6,1,26,24,4,13,2,15,7,21,44,37,2,17,0,4,20,0
060032B0100,6,4,26,30,5,14,0,17,15,22,50,45,3,18,3,3,34,0
060032C0100,6,4,25,32,5,23,3,28,13,23,51,41,2,14,1,6,24,0
060033B0100,6,3,34,30,7,21,4,21,13,28,49,58,1,18,1,2,21,0
060033C0100,6,3,32,30,4,16,0,13,11,26,50,60,4,25,2,3,29,0
060034B0100,6,3,23,29,4,15,3,12,14,22,40,48,2,18,0,3,31,0
060034C0100,6,3,21,36,7,14,4,23,10,17,50,45,3,17,0,2,22,1
060035B0100,6,1,31,42,5,27,4,21,16,16,49,57,2,18,5,1,28,0
060035C0100,6,1,31,28,5,26,3,23,20,17,49,48,5,19,2,2,24,0
060036B0100,6,1,32,38,9,26,4,25,14,30,46,61,1,26,3,4,31,1
060036C0100,6,1,42,41,6,22,6,14,13,24,56,47,3,23,1,4,29,0
060037B0100,6,1,34,33,4,21,4,18,13,13,45,45,1,22,1,2,21,0
060037C0100,6,1,26,29,5,24,5,17,16,26,44,46,4,24,0,2,39,0
060037C0200,6,1,21,35,6,15,4,21,12,24,43,54,2,17,2,2,28,0
060037C0300,6,1,27,30,11,17,1,21,7,20,50,50,4,14,0,1,27,0
060038B0100,6,1,15,24,6,11,3,13,9,14,46,39,3,10,0,2,21,1
060038C0100,6,1,17,22,2,10,2,12,4,23,34,40,5,15,2,3,21,0
060039B0100,6,3,21,22,7,12,0,27,11,19,38,51,3,20,1,2,29,2
060040B0100,6,1,28,28,7,13,1,14,7,24,40,54,2,10,1,1,35,1
060041B0100,6,1,21,30,3,13,3,14,10,8,31,37,4,20,0,1,12,0
060042B0100,6,3,23,33,7,8,1,12,10,23,38,33,3,20,2,3,39,1
060043B0100,6,3,32,31,5,12,2,17,13,16,32,45,7,18,2,5,30,1
060043C0100,6,3,14,22,7,13,2,13,9,16,32,51,7,20,1,1,29,0
060044B0100,6,1,11,22,6,12,1,11,5,20,41,26,4,17,2,2,22,0
060045B0100,6,1,31,24,4,14,1,16,13,20,29,56,1,20,1,2,30,0
060045C0100,6,1,24,23,5,13,8,18,11,19,37,41,4,23,0,4,24,0
060045C0200,6,1,24,29,10,17,3,13,7,16,32,53,3,24,2,2,18,0
060046B0100,6,1,21,28,5,13,2,7,6,15,34,48,2,8,0,6,26,0
060046C0100,6,1,23,31,6,11,3,13,7,11,38,42,4,15,2,3,20,0
060047B0100,6,3,31,42,9,20,2,17,19,25,47,50,6,22,3,1,21,0
060047C0100,6,3,23,30,8,21,3,18,12,25,44,53,3,29,1,0,25,0
060048B0100,6,3,20,41,7,21,4,12,8,21,47,40,2,17,3,3,25,0
060048C0100,6,3,29,42,10,12,2,24,13,22,53,41,0,18,3,2,24,0
060049B0100,6,1,19,11,2,14,1,2,7,14,34,17,6,10,1,1,14,0
060050B0100,6,1,19,20,0,15,2,16,9,18,29,33,4,16,1,2,21,1
060050C0100,6,1,16,17,8,17,4,12,7,15,28,36,6,11,1,2,18,0
060051B0100,6,1,19,17,5,10,1,10,8,13,25,33,1,10,0,3,18,0
060051C0100,6,1,15,22,3,17,1,8,7,15,28,27,0,9,3,0,21,0
060052B0100,6,1,20,20,7,11,3,17,12,17,53,25,1,20,2,3,23,1
060052C0100,6,1,24,21,5,17,7,19,10,20,44,45,2,20,3,3,32,0
060052C0200,6,1,26,23,5,22,5,23,18,13,44,41,4,16,1,3,24,0
060053B0100,6,1,33,39,9,25,4,23,15,27,70,56,3,24,0,4,33,0
060053C0100,6,1,41,35,7,17,4,19,22,19,64,74,1,23,3,3,34,0
060054B0100,6,3,35,33,5,16,6,17,9,20,45,44,1,26,2,3,31,0
060054C0100,6,3,38,38,8,23,4,15,13,27,40,52,2,20,0,4,20,0
060054C0200,6,3,26,29,7,11,6,14,12,37,47,43,2,24,1,3,30,0
060054C0300,6,3,18,30,5,12,3,15,13,24,44,52,4,25,4,0,31,0
060054S0100,6,3,61,68,6,29,8,36,26,53,95,99,8,40,1,4,64,1
060055B0100,6,4,21,27,5,17,0,12,15,24,53,39,2,17,3,2,33,0
060055C0100,6,4,14,26,7,13,6,20,12,20,33,42,5,18,2,5,26,2
060056B0100,6,1,19,15,10,12,1,10,13,17,35,40,2,18,1,2,16,1
060057B0100,6,1,34,30,6,12,3,33,17,30,62,65,4,20,5,4,39,0
060058B0100,6,1,23,25,4,13,2,26,16,17,31,42,3,27,0,5,24,1
060058C0100,6,1,20,35,5,20,1,21,10,18,42,36,3,20,1,1,23,0
060059B0100,6,4,30,27,9,13,2,16,8,28,43,54,1,17,0,2,31,0
060059C0100,6,4,17,19,6,18,1,18,18,16,50,34,6,30,2,3,27,0
060060B0100,6,4,32,39,14,17,4,21,12,22,85,53,5,34,4,2,42,0
060060C0100,6,4,30,39,8,29,5,18,13,25,69,64,6,31,2,3,33,0
060060C0200,6,4,24,40,7,12,4,23,17,25,45,59,1,30,1,5,31,0
060060C0300,6,4,27,34,5,12,6,24,15,34,59,59,6,14,5,4,38,1
060060E0100,6,4,29,49,6,24,5,22,19,34,50,56,8,26,0,1,34,0
060060E0101,6,4,38,30,13,21,5,26,20,19,68,64,2,30,7,5,32,0
060060E0102,6,4,37,39,9,25,4,19,20,12,69,58,2,39,2,3,28,0
060060E0103,6,4,36,37,7,20,4,23,20,32,58,66,8,24,3,9,34,0
060060E0104,6,4,25,34,8,29,8,24,20,22,51,63,5,25,4,1,28,0
060060E0105,6,4,29,38,9,19,4,26,11,27,59,63,6,24,2,4,39,0
060060E0106,6,4,30,41,3,27,6,14,13,31,57,67,8,32,2,4,30,0
060060S0100,6,4,38,72,17,42,10,32,27,49,98,106,5,40,6,9,64,0
060061B0100,6,1,20,42,10,19,3,20,18,18,54,61,3,21,3,4,39,0
060061C0100,6,1,25,35,6,16,2,14,10,32,60,64,5,30,0,1,43,1
060061C0200,6,1,34,36,6,16,11,14,18,20,58,54,2,21,1,3,26,1
060062B0100,6,4,28,44,11,29,3,19,19,25,41,57,6,17,3,3,35,0
060062C0100,6,4,32,25,6,18,0,17,14,23,58,44,8,17,1,3,32,1
060062C0200,6,4,21,33,7,16,4,17,12,25,53,59,6,18,2,2,36,0
060062C0300,6,4,26,35,4,11,2,22,13,28,49,61,1,21,4,4,27,0
060062C0400,6,4,29,29,7,17,7,25,12,18,45,54,3,27,4,2,35,0
060062E0100,6,4,18,45,9,20,4,35,15,25,47,64,7,27,1,3,31,1
060062E0101,6,4,30,43,8,14,4,20,18,31,49,61,5,20,3,5,34,0
060062E0102,6,4,34,33,4,22,5,23,17,33,49,57,5,25,3,1,40,1
060062E0103,6,4,38,29,5,12,4,15,18,38,64,53,3,24,4,1,28,0
060062E0104,6,4,36,38,4,19,2,22,20,27,55,64,6,27,2,4,36,0
060062E0105,6,4,28,36,4,18,5,21,22,29,50,74,3,15,1,5,31,1
060062E0106,6,4,46,38,9,17,4,21,10,27,55,53,6,19,3,0,38,0
060062E0107,6,4,33,40,1,21,7,26,13,26,73,48,5,26,2,1,30,0
060063B0100,6,1,18,35,8,18,3,19,13,20,27,48,1,23,2,6,37,1
060063C0100,6,1,24,29,6,17,5,24,10,19,45,47,2,27,4,2,21,0
060064B0100,6,1,23,25,9,15,0,18,15,34,50,47,4,22,2,2,22,0
060064C0100,6,1,35,32,6,14,0,26,14,18,39,48,4,12,0,0,28,0
060065B0100,6,1,22,33,5,20,7,16,14,20,52,49,2,25,1,4,31,1
060065C0100,6,1,34,30,8,19,3,23,10,22,53,43,6,27,5,2,33,0
060065E0100,6,1,20,27,4,14,4,23,10,16,33,50,1,15,3,0,22,0
060065E0101,6,1,23,23,5,16,3,17,9,18,39,50,5,18,2,1,22,0
060066B0100,6,3,26,29,4,7,6,12,8,34,49,46,0,22,2,2,25,0
060066C0100,6,3,26,27,7,16,2,17,14,25,32,64,2,22,4,3,26,0
060067B0100,6,3,22,20,6,11,2,20,8,25,33,46,1,17,0,3,14,0
060067C0100,6,3,21,39,8,8,2,14,7,19,49,47,1,15,1,0,23,0
060068B0100,6,3,25,34,7,14,6,33,17,30,54,70,4,30,2,3,42,0
060068C0100,6,3,30,42,7,23,0,24,16,27,65,56,2,23,3,3,39,0
060069B0100,6,1,26,44,6,14,4,9,10,20,62,60,4,26,5,1,38,0
060069C0100,6,1,18,39,6,18,5,19,18,30,54,62,6,26,3,4,37,1
060069C0200,6,1,36,36,7,13,5,16,13,29,65,56,3,21,2,1,35,0
060069C0300,6,1,39,33,12,17,9,16,14,24,58,56,3,17,5,6,39,1
060069C0400,6,1,25,35,4,17,3,23,23,21,42,63,0,24,4,3,41,0
060069C0500,6,1,33,27,5,9,0,29,12,30,47,66,6,15,3,3,29,0
060070B0100,6,3,30,23,8,20,6,22,8,18,40,44,3,15,2,3,17,1
060070C0100,6,3,27,21,4,20,4,21,11,16,45,56,1,25,1,4,25,0
060071B0100,6,4,16,25,3,13,5,15,10,12,36,42,4,9,2,1,23,0
060071C0100,6,4,20,25,7,9,2,20,20,17,38,42,3,19,1,0,25,0
060072B0100,6,4,35,31,10,30,6,24,14,23,60,59,5,22,5,4,31,1
060073B0100,6,1,35,30,8,25,3,24,12,28,69,54,3,31,2,3,40,0
060073C0100,6,1,34,27,9,20,2,28,14,23,60,70,2,28,1,4,35,0
060073E0100,6,1,41,48,7,24,4,20,13,40,40,63,4,30,3,4,37,1
060073E0101,6,1,25,44,12,11,3,23,12,25,69,53,5,21,0,2,43,0
060073E0102,6,1,28,38,10,24,4,16,11,37,77,64,3,28,6,2,30,0
060073E0103,6,1,36,28,9,18,3,35,13,36,62,53,5,24,4,2,35,0
060074B0100,6,4,22,32,5,21,2,21,15,26,63,52,2,21,2,1,27,1
060074C0100,6,4,21,47,9,15,3,17,11,22,46,47,8,23,2,3,31,0
060074C0200,6,4,18,42,3,10,8,14,11,31,48,56,6,19,1,2,28,0
060075B0100,6,4,28,30,9,9,3,8,17,16,54,38,1,20,3,2,25,0
060075C0100,6,4,24,28,7,14,1,26,11,16,43,40,3,18,1,1,25,1
060075C0200,6,4,26,32,4,12,0,19,7,23,35,53,3,13,4,1,18,0
060076B0100,6,4,43,37,10,17,6,19,15,27,65,60,4,33,2,2,37,0
060076C0100,6,4,40,44,10,14,4,23,20,28,58,66,5,21,1,3,35,0
060076C0200,6,4,37,33,7,19,7,21,17,25,52,69,5,21,4,5,43,0
060077B0100,6,1,46,37,8,14,6,24,8,28,53,71,5,27,1,2,41,1
060077C0100,6,1,34,36,7,24,4,23,18,25,54,76,5,27,1,0,35,0
060077C0200,6,1,24,43,11,24,3,10,17,26,60,62,4,24,2,2,28,1
060078B0100,6,1,15,10,4,7,0,6,5,10,23,25,4,5,1,2,6,0
060079B0100,6,3,28,44,6,15,3,20,18,30,51,57,1,14,2,4,32,0
060079C0100,6,3,35,33,7,11,6,25,15,26,59,54,3,24,3,4,32,1
060079C0200,6,3,35,31,5,22,5,23,18,29,68,50,6,22,1,6,39,0
060080B0100,6,3,41,34,6,19,6,20,21,27,38,60,4,20,2,4,27,0
060081B0100,6,3,29,26,5,12,1,13,14,26,53,51,5,23,1,4,26,0
060081C0100,6,3,24,40,7,10,4,12,15,19,33,50,5,19,4,3,33,1
060081C0200,6,3,32,41,3,18,4,12,10,16,47,59,5,25,1,5,24,0
060081C0300,6,3,23,29,5,19,0,16,10,31,53,56,4,20,1,2,28,0
060082B0100,6,1,36,44,6,14,4,26,14,22,42,51,5,27,3,4,44,0
060082C0100,6,1,32,35,10,17,3,20,18,30,47,55,4,19,1,5,45,0
060082C0200,6,1,41,31,7,19,5,17,17,21,38,61,3,27,0,3,33,0
060082C0300,6,1,24,30,5,11,6,21,12,22,50,53,5,26,1,3,33,0
060082E0100,6,1,20,17,3,8,2,15,9,14,24,30,2,11,1,0,22,0
060083B0100,6,4,12,28,5,10,2,6,9,13,31,28,6,12,1,2,12,0
060083E0100,6,4,12,13,3,6,0,7,7,5,10,18,0,9,1,0,9,0
060083E0200,6,4,7,12,2,4,1,3,4,3,12,15,1,7,1,0,6,0
060084B0100,6,4,19,38,1,17,4,13,9,22,45,48,4,17,1,4,35,0
060084C0100,6,4,35,29,12,11,5,12,17,19,46,51,3,19,0,0,33,0
060084E0100,6,4,18,11,4,5,0,7,5,3,14,18,1,11,0,1,14,0
060085B0100,6,4,18,19,5,5,0,16,7,9,19,34,4,9,3,6,12,1
060085E0100,6,4,11,15,0,7,1,2,3,11,25,23,2,9,0,4,5,0
060085E0200,6,4,5,5,0,1,1,2,1,4,11,16,1,4,0,0,11,0
060085E0300,6,4,14,11,3,10,4,9,7,19,17,18,3,7,1,1,11,0
060085E0400,6,4,7,4,3,1,0,2,4,5,5,11,1,5,0,0,7,1
060086B0100,6,4,37,34,7,14,7,22,11,22,44,46,3,21,1,2,28,0
060087B0100,6,4,13,16,5,6,0,5,6,13,15,21,1,12,2,3,12,0
060087E0100,6,4,7,6,2,4,1,9,5,7,22,18,1,4,3,1,7,0
060087E0200,6,4,25,25,8,13,0,11,14,16,41,46,3,16,0,4,25,0
060088B0100,6,3,22,31,6,6,4,17,14,14,35,37,3,14,4,4,28,0
060088C0100,6,3,22,16,8,15,4,12,8,20,31,44,0,17,0,3,32,1
060089B0100,6,4,24,22,3,10,5,10,14,10,33,31,1,13,1,2,25,0
060089C0100,6,4,16,20,5,9,3,11,13,7,26,33,2,12,3,3,27,0
060090B0100,6,4,22,21,5,7,4,16,9,19,26,25,2,7,2,1,12,0
060090E0100,6,4,10,8,6,6,2,9,7,9,14,18,0,8,0,0,7,0
060091B0100,6,4,12,20,5,8,4,12,7,17,37,23,4,12,0,0,28,0
060091E0100,6,4,9,11,3,5,1,10,0,4,17,18,1,4,1,0,11,0
060092B0100,6,3,26,26,7,22,4,23,15,23,48,64,4,30,0,2,28,1
060092C0100,6,3,32,26,4,18,3,19,6,20,41,43,7,27,2,6,39,0
060092C0200,6,3,30,25,10,17,4,14,11,37,55,54,2,22,4,5,21,0
060092C0300,6,3,34,29,9,18,4,19,10,18,52,57,4,25,0,0,29,0
060093B0100,6,3,29,30,5,12,9,18,15,26,45,40,1,13,1,3,31,0
060093C0100,6,3,31,32,3,9,6,19,11,26,35,46,0,13,1,1,36,0
060093E0100,6,3,17,27,5,8,3,9,3,18,26,16,2,12,1,2,25,0
060094B0100,6,3,35,33,7,22,3,23,19,27,54,63,4,34,5,4,30,0
060094C0100,6,3,27,44,4,19,5,15,12,29,67,72,4,28,1,5,30,0
060095B0100,6,3,20,23,1,22,4,17,18,24,44,60,3,22,4,6,32,1
060095C0100,6,3,33,37,4,19,2,16,11,18,50,49,4,23,3,1,25,0
060095C0200,6,3,29,36,9,19,3,18,11,21,50,51,5,14,1,4,40,1
060096B0100,6,3,27,35,8,10,4,22,12,22,41,42,4,19,0,9,13,1
060096C0100,6,3,19,27,7,21,2,16,17,23,41,44,3,8,1,2,28,0
060096E0100,6,3,11,12,3,3,4,9,7,4,15,26,3,11,1,1,13,0
060097B0100,6,4,12,9,1,10,0,10,4,15,19,28,2,7,0,2,9,1
060098B0100,6,4,5,9,2,1,0,1,1,3,6,5,0,2,0,2,6,0
060099B0100,6,4,12,15,4,6,1,10,7,14,20,17,1,10,1,0,12,1
060099E0100,6,4,23,16,5,9,3,7,13,15,21,23,2,15,3,1,19,0
060100B0100,6,4,32,33,4,19,2,18,20,29,67,55,3,24,2,3,40,0
060100C0100,6,4,40,43,5,16,4,18,18,17,62,64,3,25,0,4,38,0
060100E0100,6,4,7,8,2,4,1,5,4,3,19,15,0,4,0,0,6,0
060101B0100,6,4,27,30,5,15,6,15,13,18,45,47,2,11,4,2,20,1
060101C0100,6,4,12,28,4,16,4,14,14,27,35,41,4,23,2,4,21,0
060101C0200,6,4,19,27,6,12,1,17,12,16,33,50,2,24,3,2,28,0
060101E0100,6,4,7,3,1,5,0,4,0,1,6,14,0,1,0,2,2,0
060101E0200,6,4,2,2,1,0,0,4,1,3,4,8,1,1,0,0,3,0
060102B0100,6,4,31,25,5,22,3,24,11,26,55,55,4,29,2,4,37,1
060103B0100,6,4,11,25,10,15,4,24,19,18,41,31,3,18,2,2,23,0
060103C0100,6,4,27,33,12,14,3,15,5,26,43,45,1,20,3,2,25,1
060103C0200,6,4,23,33,7,17,0,15,11,21,47,43,7,10,5,5,30,0
060103E0100,6,4,15,19,3,15,1,6,6,9,27,19,3,9,1,0,15,0
060104B0100,6,4,25,46,4,21,4,16,13,27,47,59,5,13,3,4,32,0
060104C0100,6,4,25,41,5,16,2,15,15,25,45,49,0,19,1,5,42,0
060104C0200,6,4,30,43,4,17,0,19,17,22,44,55,4,16,0,3,35,0
060105B0100,6,4,28,36,9,12,5,19,13,25,52,53,2,17,1,1,28,0
060105C0100,6,4,28,38,4,13,6,21,13,28,42,41,3,21,2,3,23,0
060105C0200,6,4,32,33,3,13,1,27,9,26,39,48,2,11,2,3,37,0
060105C0300,6,4,19,33,5,11,6,18,10,30,32,56,6,16,0,3,19,0
060105E0100,6,4,24,27,3,13,2,17,10,20,43,41,1,20,0,2,27,0
060106B0100,6,4,39,32,2,24,4,21,10,24,50,44,5,19,3,3,28,0
060106C0100,6,4,22,36,6,18,3,21,13,20,52,35,2,17,4,4,26,0
060106C0200,6,4,25,34,6,14,3,18,13,25,53,47,5,15,0,3,32,0
060107B0100,6,4,18,24,3,27,3,19,7,20,41,54,1,15,2,2,28,0
060107C0100,6,4,25,28,4,21,2,10,14,21,47,53,3,24,2,3,30,0
060107C0200,6,4,13,41,6,16,2,11,11,15,41,45,2,17,1,1,29,1
060108B0100,6,4,34,37,6,14,2,19,15,24,59,41,3,23,2,7,37,0
060108C0100,6,4,31,31,9,20,5,28,17,21,49,57,7,17,3,3,37,0
060109B0100,6,1,19,20,8,11,4,11,5,14,33,39,2,15,1,2,18,0
060109C0100,6,1,24,17,7,14,5,15,6,15,35,38,4,23,0,0,19,0
060110B0100,6,4,20,29,4,20,3,15,11,23,41,45,6,17,1,3,32,0
060110C0100,6,4,17,24,7,20,2,15,4,15,41,42,4,16,2,7,19,0
060111B0100,6,4,29,30,5,14,4,20,11,23,49,44,3,17,4,3,38,1
060111C0100,6,4,27,29,1,10,5,16,12,25,46,51,1,18,0,5,33,0
060111C0200,6,4,37,29,5,18,6,14,10,28,49,47,4,21,1,4,29,0
060111C0300,6,4,24,45,6,23,3,14,21,21,52,50,6,21,2,0,28,0
060112B0100,6,4,5,6,1,3,0,6,5,5,10,11,1,2,1,0,8,0
060112E0100,6,4,12,7,2,2,2,6,10,4,24,18,1,5,1,1,6,0
060113B0100,6,4,12,33,7,6,5,9,7,17,33,37,1,11,3,6,13,0
060114B0100,6,4,13,14,4,6,3,7,5,11,21,15,2,6,0,0,13,0
060115B0100,6,4,12,23,7,13,2,5,5,9,27,27,1,11,1,2,11,0
060116B0100,6,4,24,34,9,11,7,19,11,29,51,51,2,24,3,6,32,0
060116C0100,6,4,22,37,8,18,3,24,16,26,50,54,7,24,2,1,28,0
060116E0100,6,4,4,6,2,1,1,0,0,2,2,6,0,3,0,1,4,0
060117B0100,6,4,21,10,3,12,0,11,10,22,33,24,4,14,3,1,15,2
060117C0100,6,4,21,33,5,13,2,14,12,17,42,35,2,14,0,1,19,0
060118B0100,6,4,37,29,7,13,5,11,13,24,38,40,7,25,3,3,27,0
060118E0100,6,4,4,6,2,2,0,3,1,4,10,15,2,1,0,1,8,0
060119B0100,6,4,8,23,2,10,5,14,6,19,37,53,2,15,2,4,21,0
060119E0100,6,4,8,8,2,2,0,2,3,7,8,9,0,2,1,0,4,0
060120B0100,6,3,36,28,7,15,6,22,15,29,54,61,6,31,2,1,43,0
060120C0100,6,3,29,27,5,22,5,28,17,38,42,64,4,26,4,3,45,0
060120C0200,6,3,33,40,8,16,2,25,14,19,59,72,5,28,6,3,42,0
060121B0100,6,1,30,30,5,18,3,13,10,22,52,63,2,27,1,4,31,1
060121C0100,6,1,30,37,6,24,3,17,14,26,46,61,3,21,3,4,28,0
060122B0100,6,1,26,35,4,14,2,8,18,12,45,55,3,15,3,3,18,0
060122C0100,6,1,29,32,4,5,0,16,13,26,40,46,2,18,2,4,20,0
060123B0100,6,3,42,33,8,26,4,16,11,19,55,54,2,22,1,3,25,0
060123C0100,6,3,41,31,12,27,1,15,27,25,54,61,1,20,1,3,29,0
060124B0100,6,3,26,34,10,16,3,19,7,15,42,43,10,22,2,5,34,0
060124C0100,6,3,29,32,7,21,7,18,15,21,49,56,5,17,1,3,28,0
060124C0200,6,3,28,36,9,18,2,14,21,30,46,47,2,17,1,5,26,0
060125B0100,6,4,38,33,7,20,3,16,10,27,55,49,4,19,0,5,23,0
060125C0100,6,4,24,44,3,14,6,13,18,27,47,40,4,18,4,2,39,0
060125E0100,6,4,4,10,3,4,2,6,3,8,16,8,2,5,0,2,6,0
060126B0100,6,1,25,31,6,15,2,23,11,22,40,51,3,18,2,4,33,0
060126C0100,6,1,23,30,4,22,2,19,13,13,42,53,6,13,2,3,36,0
060126C0200,6,1,26,37,7,18,3,18,10,15,49,53,3,13,2,6,21,0
060127B0100,6,1,28,39,7,25,3,13,16,17,55,63,3,29,1,5,24,0
060127C0100,6,1,34,28,8,14,5,21,14,14,41,53,3,23,3,3,30,0
060128B0100,6,1,22,15,2,8,2,14,9,18,30,32,5,16,2,2,25,0
060128C0100,6,1,20,18,6,12,0,15,3,19,43,49,1,15,1,2,21,0
060129B0100,6,4,31,40,7,17,6,12,11,20,29,36,3,16,2,2,19,0
060129C0100,6,4,26,24,3,13,2,11,9,19,42,38,2,21,1,1,31,0
060130B0100,6,3,22,26,5,6,3,17,19,26,35,41,3,24,0,3,22,0
060130C0100,6,3,19,30,5,13,2,18,8,18,39,37,3,17,3,5,30,0
060131B0100,6,4,18,21,5,16,4,18,7,12,48,34,1,17,2,3,20,0
060131C0100,6,4,22,25,6,11,2,20,9,17,46,43,3,7,1,4,21,0
060131E0100,6,4,19,23,5,18,2,15,6,20,31,45,3,19,2,4,30,0
060132B0100,6,3,28,29,7,16,3,12,11,26,49,44,1,16,1,1,20,0
060132C0100,6,3,32,27,5,17,1,16,15,15,34,42,5,14,2,3,28,0
060132C0200,6,3,24,21,6,21,7,18,13,25,48,35,1,17,0,3,23,1
060133B0100,6,4,15,15,2,13,1,14,10,12,28,42,4,22,0,2,16,0
060133C0100,6,4,21,17,1,10,4,9,10,13,36,38,1,11,0,4,27,0
060133E0100,6,4,4,7,3,3,1,2,5,6,9,12,0,5,0,0,10,0
060134B0100,6,4,32,34,2,14,6,16,21,22,48,54,4,24,1,2,25,0
060134C0100,6,4,29,33,4,15,1,24,9,19,36,58,6,21,0,2,16,0
060134C0200,6,4,30,38,8,16,3,9,10,24,59,55,3,20,1,1,32,0
060135B0100,6,3,25,29,6,9,5,13,8,14,40,36,2,22,1,1,28,1
060135C0100,6,3,26,29,2,8,4,15,15,17,50,46,0,14,0,4,26,1
060135E0100,6,3,20,26,6,13,3,11,15,27,46,49,3,21,1,1,32,1
060136B0100,6,4,23,31,3,11,2,14,10,19,28,44,3,26,2,6,31,1
060137B0100,6,4,27,25,6,18,4,21,8,20,45,48,2,17,1,6,21,0
060137C0100,6,4,20,27,5,19,3,21,9,23,40,53,4,23,6,0,20,0
060138B0100,6,4,26,31,4,22,3,26,17,28,50,58,6,40,3,6,30,0
060138C0100,6,4,39,27,10,13,4,22,15,27,47,64,4,31,5,3,34,0
060138C0200,6,4,36,44,5,21,5,32,9,15,55,55,8,21,1,2,25,0
060138C0300,6,4,31,45,6,17,7,24,15,27,48,61,3,18,4,3,41,0
060138C0400,6,4,28,33,7,17,10,28,15,21,44,55,5,20,1,4,27,0
060138C0500,6,4,18,32,8,14,3,23,18,21,65,68,2,19,3,5,38,0
060138C0600,6,4,33,37,3,26,5,20,15,28,46,53,2,31,1,2,39,3
060138E0100,6,4,25,36,5,19,2,27,19,19,63,52,6,27,3,3,39,0
060138E0101,6,4,24,32,10,15,5,17,13,32,36,54,8,20,2,7,33,0
060138E0102,6,4,24,27,2,17,3,25,10,29,50,55,7,22,1,5,29,0
060138E0103,6,4,30,22,8,16,5,21,10,23,56,61,5,28,4,4,23,0
060139B0100,6,3,25,32,4,15,5,28,14,26,60,71,2,23,0,3,27,1
060139C0100,6,3,29,48,7,19,7,13,21,26,55,60,2,18,2,3,47,1
060139C0200,6,3,25,40,7,24,5,29,15,27,75,54,3,23,5,2,37,0
060139C0300,6,3,25,34,10,24,4,19,18,30,70,67,2,28,1,1,34,0
060139C0400,6,3,26,40,3,18,3,20,20,23,55,77,4,29,2,3,45,0
060139C0500,6,3,31,42,9,25,3,14,15,24,62,54,4,28,3,4,41,1
060139C0600,6,3,43,45,2,25,6,17,17,24,54,70,4,20,3,3,21,0
060139C0700,6,3,40,45,10,31,5,26,16,24,52,46,1,29,2,1,34,0
060139C0800,6,3,40,42,4,24,5,28,10,32,44,49,4,21,3,2,39,0
060139E0100,6,3,32,33,8,13,2,13,17,20,46,52,3,25,1,0,44,0
060139E0101,6,3,29,28,9,14,2,18,12,17,64,61,1,15,0,3,38,1
060139E0102,6,3,30,29,4,18,1,19,10,32,53,44,4,23,1,4,23,0
060139E0103,6,3,33,25,11,11,2,22,11,14,49,66,5,31,5,3,26,1
060139E0104,6,3,32,28,6,21,4,21,13,19,53,58,7,23,2,9,31,0
060140B0100,6,3,36,35,3,19,4,15,18,25,48,55,3,23,0,6,31,0
060140C0100,6,3,26,36,4,21,3,20,14,23,56,67,5,18,2,1,30,0
060140C0200,6,3,31,42,10,18,3,26,9,41,52,60,3,30,3,4,37,0
060140C0300,6,3,29,36,6,12,3,16,9,21,63,62,5,24,5,5,35,0
060140C0400,6,3,22,32,5,19,6,16,11,32,45,50,5,28,3,2,30,0
060140C0500,6,3,42,32,4,15,4,28,14,33,62,45,7,22,5,1,32,0
060140C0600,6,3,31,33,3,14,4,22,20,23,56,57,2,28,3,2,38,1
060141B0100,6,3,35,36,12,14,3,21,12,25,42,61,2,15,6,0,30,0
060141C0100,6,3,28,36,6,16,3,19,18,19,50,61,6,22,4,6,29,1
060142B0100,6,1,23,21,4,14,1,23,8,13,31,40,2,8,0,1,24,1
060142C0100,6,1,14,32,3,15,3,10,5,13,41,32,1,10,0,3,14,0
060143B0100,6,3,25,25,9,16,2,13,16,28,45,56,2,18,5,5,34,0
060143C0100,6,3,19,36,6,19,6,20,6,35,49,46,3,23,3,3,26,0
060144B0100,6,3,22,33,8,9,4,13,15,19,52,56,2,23,1,3,23,1
060144C0100,6,3,31,28,2,14,4,19,11,22,58,56,7,10,2,0,29,2
060144C0200,6,3,21,30,5,21,1,21,6,33,42,49,2,21,2,1,36,0
060145B0100,6,3,27,40,6,22,6,13,16,19,61,43,6,26,0,2,36,1
060145C0100,6,3,32,30,5,20,3,14,13,26,59,66,4,23,1,8,48,0
060145C0200,6,3,20,36,4,21,4,27,14,24,52,82,8,21,1,4,36,0
060145C0300,6,3,30,38,5,23,1,15,12,25,54,59,4,23,1,3,32,1
060145C0400,6,3,32,33,9,10,5,15,22,22,56,57,5,15,2,1,32,0
060145C0500,6,3,40,33,14,20,9,18,12,30,50,53,5,19,0,4,35,0
060145C0600,6,3,29,34,6,15,9,20,12,28,56,56,4,26,3,6,24,0
060145E0100,6,3,28,37,9,16,3,22,13,30,64,61,3,25,0,4,30,0
060145E0101,6,3,27,30,5,22,3,20,12,21,54,68,2,14,1,5,40,0
060145E0102,6,3,29,33,15,17,6,31,11,22,53,56,6,26,3,2,32,0
060145E0103,6,3,26,38,8,21,2,18,19,31,52,58,4,22,4,3,35,0
060145E0104,6,3,35,35,5,15,1,30,13,26,64,63,6,20,1,2,32,0
060145E0105,6,3,34,44,5,11,2,21,12,20,64,54,6,19,0,4,44,1
060145E0106,6,3,16,42,12,22,3,20,19,27,54,54,3,22,5,5,30,0
060145E0107,6,3,31,33,9,17,4,25,14,20,54,73,10,39,5,1,42,0
060146B0100,6,1,32,32,11,23,1,15,17,26,45,51,2,24,2,5,31,0
060146C0100,6,1,28,45,10,12,2,33,8,28,51,55,1,18,3,1,29,0
060146C0200,6,1,35,30,9,18,4,22,16,22,47,63,3,17,2,6,34,0
060146C0300,6,1,27,35,8,17,4,16,15,29,52,63,6,24,5,9,30,1
060146C0400,6,1,26,28,8,13,3,17,17,40,53,66,5,28,6,2,43,0
060146C0500,6,1,18,33,6,15,4,23,12,30,53,52,5,18,1,2,34,0
060146C0600,6,1,23,39,9,24,3,22,15,21,63,56,2,20,4,3,26,0
060146E0100,6,1,29,44,12,15,4,18,18,30,59,64,2,21,3,4,32,0
060146E0101,6,1,16,39,10,20,7,22,14,30,62,51,3,25,1,4,35,0
060146E0102,6,1,33,30,7,15,8,17,11,30,53,60,4,21,1,3,33,0
060146E0103,6,1,29,35,6,17,4,16,15,23,52,69,7,29,5,3,24,0
060146E0104,6,1,36,39,10,19,4,21,12,23,57,47,4,16,2,4,26,0
060147B0100,6,3,35,40,7,31,3,20,11,21,45,65,4,21,1,5,33,1
060147C0100,6,3,26,42,7,21,2,25,21,25,54,64,4,27,3,5,29,0
060147C0200,6,3,26,36,7,21,6,21,18,32,61,53,4,13,2,3,43,0
060148B0100,6,3,25,24,11,8,5,16,14,26,50,35,2,16,1,3,25,0
060148C0100,6,3,26,22,6,15,4,22,13,20,48,40,3,13,2,2,23,1
060148C0200,6,3,32,26,6,17,4,19,10,15,36,53,2,17,3,0,22,0
060148S0100,6,3,56,65,15,34,2,46,35,48,96,99,12,41,4,3,56,0
060149B0100,6,3,29,19,4,16,3,15,7,27,44,41,6,18,2,1,19,0
060149C0100,6,3,24,27,4,10,2,22,19,17,36,43,1,21,1,5,36,1
060149C0200,6,3,17,27,6,17,1,15,11,26,40,41,3,19,2,3,22,0
060150B0100,6,1,27,17,4,11,1,21,15,29,54,51,5,16,0,3,30,0
060150C0100,6,1,28,29,8,13,5,18,14,24,31,56,1,26,1,3,32,0
060151B0100,6,1,21,32,6,14,4,19,12,16,36,33,4,13,5,2,21,0
060151C0100,6,1,22,22,2,10,4,11,9,13,37,42,3,16,4,3,27,0
060152B0100,6,1,42,34,6,20,5,25,13,25,48,63,8,18,4,4,37,0
060152C0100,6,1,32,43,3,19,4,26,10,29,66,68,4,18,3,4,38,1
060152E0100,6,1,34,39,1,13,3,28,11,30,67,58,3,27,2,5,37,0
060152E0101,6,1,47,35,8,19,5,19,9,34,53,70,7,22,3,3,32,0
060152E0102,6,1,42,39,7,20,5,22,21,23,56,59,5,25,2,4,32,2
060152E0103,6,1,29,37,8,19,5,16,13,26,46,63,6,30,3,4,35,0
060152E0104,6,1,29,54,9,9,7,21,16,19,64,67,9,20,5,4,39,1
060152E0105,6,1,22,46,9,21,5,34,12,28,61,65,5,22,0,2,55,1
060153B0100,6,4,26,26,7,16,4,12,13,25,49,50,5,20,2,2,30,0
060153C0100,6,4,33,28,6,17,9,17,10,15,51,48,5,16,0,1,29,0
060154B0100,6,1,28,32,7,9,2,17,8,19,37,47,4,15,3,1,19,0
060154C0100,6,1,16,21,4,10,5,15,8,13,35,43,2,16,3,4,28,1
060155B0100,6,3,38,47,9,18,3,18,10,26,57,51,8,24,3,3,36,1
060155C0100,6,3,29,42,9,19,3,18,19,24,45,69,3,28,1,5,38,2
060156B0100,6,4,17,13,7,7,2,23,11,9,31,39,1,14,4,1,15,0
060156C0100,6,4,11,29,6,14,3,11,4,15,36,36,2,17,0,1,23,0
060157B0100,6,1,16,30,8,15,5,26,12,17,46,26,0,18,1,1,25,1
060157C0100,6,1,21,24,7,11,3,17,17,8,33,50,3,17,3,1,24,0
060158B0100,6,1,25,39,11,22,7,23,12,27,53,65,1,20,1,5,26,0
060159B0100,6,3,24,36,6,23,5,15,16,30,46,59,1,27,2,3,38,0
060159C0100,6,3,20,46,14,27,5,13,8,33,42,52,6,30,2,2,32,1
060159C0200,6,3,43,30,3,21,5,27,19,30,58,61,5,27,4,4,39,0
060160B0100,6,3,34,42,10,14,5,22,17,32,60,66,5,31,2,4,39,0
060160C0100,6,3,31,31,7,25,2,22,22,26,64,48,1,27,2,5,47,0
060160C0200,6,3,33,42,8,12,7,27,19,29,57,69,7,27,3,4,25,0
060160C0300,6,3,29,41,5,19,5,28,21,33,68,60,7,27,1,3,36,0
060161B0100,6,3,24,31,14,23,5,25,11,26,55,64,2,17,0,4,25,0
060161C0100,6,3,30,48,8,17,7,23,13,24,45,58,6,24,4,4,35,0
060161C0200,6,3,31,30,8,18,3,20,18,28,55,49,2,21,1,2,28,0
060161C0300,6,3,27,32,12,24,2,23,18,27,49,54,6,30,2,4,33,0
060161C0400,6,3,42,47,4,20,4,15,10,33,57,58,2,23,3,1,46,0
060161C0500,6,3,38,39,5,24,0,26,17,24,52,54,2,22,0,4,37,0
060162B0100,6,1,34,26,4,17,2,26,14,26,52,43,3,18,2,4,35,0
060162C0100,6,1,20,40,5,15,4,18,11,15,49,60,5,21,3,4,37,0
060162C0200,6,1,28,36,4,20,3,20,16,28,44,67,0,27,3,1,24,0
060164B0100,6,1,26,32,5,10,0,22,6,24,39,47,2,27,3,1,34,0
060164C0100,6,1,23,33,4,20,1,19,12,21,44,36,4,19,2,1,30,0
060164C0200,6,1,25,24,3,10,1,22,19,22,52,46,3,13,0,3,32,0
060165B0100,6,1,30,36,5,20,5,35,16,18,42,62,3,24,3,0,32,0
060165C0100,6,1,35,32,4,23,6,14,16,24,54,51,2,16,0,3,28,0
060166B0100,6,4,11,10,2,4,2,6,6,10,25,19,1,12,2,1,12,0
060166E0100,6,4,1,7,0,3,0,3,2,3,12,6,0,7,0,1,6,0
060167B0100,6,4,11,14,3,9,0,8,5,4,19,29,0,9,1,3,15,0
060167E0100,6,4,7,9,2,3,1,3,5,6,16,20,1,9,0,1,12,0
060167E0200,6,4,12,10,1,6,3,5,3,12,27,26,0,4,2,2,22,0
060168B0100,6,4,26,35,8,17,5,15,9,19,45,45,2,27,3,3,22,1
060169B0100,6,4,13,22,9,16,3,14,8,18,30,38,2,10,2,2,13,0
060170B0100,6,6,30,45,8,12,4,14,18,25,30,71,4,22,4,5,33,1
060170C0100,6,6,35,44,5,16,3,25,15,23,55,50,7,17,4,2,29,0
060170C0200,6,6,29,30,7,13,3,20,16,21,41,65,2,24,2,5,32,0
060171B0100,6,6,28,32,5,17,3,22,9,23,44,49,4,23,0,3,25,0
060171C0100,6,6,28,27,5,11,4,27,13,22,43,55,3,23,0,1,29,0
060171C0200,6,6,22,43,6,10,1,23,17,19,37,48,4,21,1,4,34,0
060172B0100,6,5,13,31,2,9,4,17,16,9,35,30,0,11,3,4,20,1
060172C0100,6,5,18,20,7,5,4,14,7,16,31,45,3,12,2,4,25,0
060173B0100,6,6,22,28,9,13,4,15,13,21,55,49,3,14,1,1,32,0
060173C0100,6,6,17,31,10,16,3,25,10,18,50,53,1,15,0,1,20,0
060174B0100,6,6,22,29,5,14,1,13,8,17,33,47,2,15,1,3,22,1
060174C0100,6,6,16,40,6,18,4,12,10,17,49,37,2,18,2,2,22,0
060175B0100,6,2,24,20,9,17,6,20,7,21,48,49,3,31,1,2,29,0
060176B0100,6,6,22,22,9,10,4,15,13,18,30,43,2,18,1,1,31,0
060176C0100,6,6,31,19,2,10,4,13,8,17,44,43,0,19,2,1,26,0
060177B0100,6,6,26,43,10,15,2,24,17,25,69,50,4,24,3,3,32,0
060177C0100,6,6,36,40,7,19,3,23,16,26,51,60,5,28,0,4,36,0
060178B0100,6,6,23,32,8,14,4,25,12,18,53,47,5,25,2,3,30,0
060178C0100,6,6,20,36,9,18,1,17,10,18,51,54,2,20,1,2,33,0
060179B0100,6,6,15,22,4,5,3,9,4,9,39,38,1,14,1,5,28,0
060179C0100,6,6,21,22,0,13,7,15,14,14,33,47,0,17,2,2,21,0
060180B0100,6,6,26,26,5,6,2,13,11,11,28,32,1,22,2,2,26,0
060180C0100,6,6,23,16,7,14,1,6,10,13,29,37,1,10,2,1,24,0
060181B0100,6,6,25,37,4,16,5,25,7,16,59,43,5,18,3,4,27,0
060181C0100,6,6,27,31,7,19,3,20,13,20,46,52,3,19,3,2,26,1
060182B0100,6,6,32,28,7,11,6,24,11,31,50,52,2,22,3,2,25,0
060182C0100,6,6,26,42,13,25,6,11,13,25,53,51,3,19,1,1,29,0
060183B0100,6,6,30,19,8,14,3,18,15,18,39,54,3,12,1,3,28,0
060183C0100,6,6,25,28,7,14,3,14,8,13,31,48,4,18,4,2,35,1
060184B0100,6,6,27,21,4,21,2,9,9,22,37,35,4,25,0,0,21,0
060185B0100,6,5,20,29,4,12,6,13,4,22,35,44,3,12,1,0,20,0
060185C0100,6,5,25,27,6,8,3,16,8,18,38,34,5,20,2,2,26,0
060186B0100,6,6,25,26,5,18,1,18,7,29,44,49,5,16,3,2,25,0
060186C0100,6,6,24,35,5,17,4,14,11,20,38,49,4,17,3,3,28,0
060187B0100,6,6,23,31,4,17,5,15,14,15,54,49,0,20,2,2,17,0
060187C0100,6,6,28,25,5,21,3,19,9,22,46,44,1,14,2,2,24,0
060188B0100,6,6,25,24,8,14,3,14,13,17,34,58,3,24,1,4,27,0
060188C0100,6,6,30,23,2,19,1,18,9,15,51,47,3,20,3,3,30,0
060188C0200,6,6,24,31,3,15,8,14,12,21,58,47,0,22,0,3,19,0
060189B0100,6,5,12,21,0,7,1,10,7,19,29,32,3,11,0,2,14,0
060190B0100,6,6,19,22,3,15,2,10,6,19,57,53,1,17,0,3,16,0
060191B0100,6,6,26,34,5,21,6,19,14,28,65,54,4,22,4,1,32,0
060191C0100,6,6,23,28,10,20,7,28,15,20,46,54,2,28,1,7,41,0
060192B0100,6,6,34,34,9,19,1,19,19,26,38,48,1,27,1,6,30,0
060192C0100,6,6,28,39,8,26,5,25,9,30,54,51,8,25,2,3,38,1
060193B0100,6,5,5,8,3,5,1,3,4,4,11,8,1,6,1,1,7,0
060193E0100,6,5,8,6,1,3,0,6,3,8,19,11,1,5,0,0,3,0
060194B0100,6,6,14,22,5,7,1,7,10,4,30,31,4,18,1,2,20,1
060195B0100,6,6,34,45,6,13,2,26,6,19,50,57,1,25,1,0,18,0
060196B0100,6,6,11,24,3,9,1,24,8,20,29,23,4,16,1,2,26,0
060197B0100,6,5,14,7,3,2,2,13,6,12,19,17,2,5,2,1,11,0
060199B0100,6,6,31,30,13,23,5,19,10,22,53,52,2,12,3,0,38,0
060199E0100,6,6,7,6,4,2,1,5,6,9,13,14,0,10,0,1,6,0
060200B0100,6,6,26,40,4,21,2,16,24,40,57,61,5,18,2,1,32,1
060202B0100,6,5,27,37,6,21,3,14,16,18,47,56,2,22,2,4,31,2
060202C0100,6,5,20,39,11,22,4,16,11,28,46,60,0,12,2,3,33,1
060202C0200,6,5,22,24,5,23,6,16,18,17,52,58,4,30,1,1,21,0
060202C0300,6,5,22,35,3,15,4,20,14,31,60,48,7,18,0,3,29,0
060203B0100,6,5,32,18,7,12,3,15,9,21,31,34,4,13,0,2,19,0
060203C0100,6,5,25,30,3,15,5,9,14,14,42,21,1,16,1,3,25,0
060204B0100,6,5,32,37,11,17,1,23,15,25,50,55,3,21,0,1,38,2
060204C0100,6,5,22,36,7,24,4,19,16,16,65,69,1,22,2,6,32,0
060205B0100,6,5,16,27,6,8,2,17,11,22,32,54,2,18,2,2,13,0
060205C0100,6,5,26,26,3,14,1,16,5,12,49,34,4,13,1,4,24,0
060206B0100,6,5,16,32,3,17,4,11,9,25,48,51,3,27,1,2,33,0
060206C0100,6,5,24,37,6,22,4,20,15,26,39,57,7,16,3,2,27,0
060206C0200,6,5,27,19,8,22,3,16,8,23,49,48,3,16,1,3,29,1
060207B0100,6,2,22,29,1,16,1,16,14,27,38,42,1,15,3,2,22,0
060208B0100,6,2,18,28,5,10,2,12,6,16,26,29,1,19,1,2,24,0
060208C0100,6,2,21,17,1,10,4,18,7,15,26,36,1,13,1,1,18,0
060209B0100,6,6,21,36,4,14,2,17,16,27,30,41,5,22,3,2,26,3
060209C0100,6,6,37,42,5,13,6,24,16,16,35,41,5,25,1,3,31,0
060210B0100,6,6,35,29,4,16,2,20,16,28,45,52,1,13,0,1,25,0
060210C0100,6,6,20,33,5,12,2,20,11,23,39,40,5,27,0,2,25,0
060211B0100,6,6,36,40,7,17,2,15,11,28,58,49,3,25,1,4,27,0
060211C0100,6,6,33,39,4,18,7,19,13,32,52,53,3,22,2,4,26,1
060211C0200,6,6,25,35,8,22,3,26,17,24,51,61,5,17,2,5,25,0
060212B0100,6,2,18,28,4,17,4,16,8,25,37,42,4,13,1,4,26,0
060213B0100,6,2,25,37,5,20,1,17,14,20,46,56,4,17,2,6,28,0
060213C0100,6,6,22,41,6,18,7,17,17,27,49,46,1,14,6,3,35,0
060214B0100,6,6,24,35,5,19,2,12,14,14,52,33,1,14,3,5,21,0
060214C0100,6,6,20,34,11,11,8,17,11,19,45,41,4,18,3,1,23,0
060215B0100,6,6,27,24,5,11,2,11,11,25,47,62,4,23,1,6,37,0
060215C0100,6,6,30,32,5,13,4,19,7,26,39,47,1,18,1,2,39,1
060215C0200,6,6,28,30,9,18,1,14,17,16,45,60,4,16,0,5,31,0
060216B0100,6,5,22,35,6,16,5,19,13,22,40,61,8,22,3,2,42,0
060216C0100,6,5,23,41,7,20,6,16,14,21,47,51,4,17,0,3,29,0
060216C0200,6,5,21,31,9,17,6,19,18,16,60,50,1,18,3,2,31,0
060216C0300,6,5,31,30,5,16,3,19,14,26,52,45,1,19,3,1,30,0
060217B0100,6,5,17,30,4,12,2,16,10,19,32,40,5,17,2,3,26,0
060217C0100,6,5,19,21,3,16,3,10,12,26,41,36,2,15,3,3,16,0
060218B0100,6,2,30,25,5,12,4,20,13,29,38,61,6,22,1,2,22,0
060219B0100,6,2,20,27,8,22,8,13,12,23,46,42,7,16,2,3,34,0
060219C0100,6,2,26,24,8,10,3,21,9,22,32,47,1,15,4,1,28,1
060220B0100,6,2,16,23,3,17,4,21,10,13,47,35,3,17,2,4,28,0
060221B0100,6,6,22,27,7,17,7,15,13,21,44,50,2,22,3,1,22,0
060221C0100,6,6,20,23,10,13,2,12,12,23,39,48,2,21,5,1,21,0
060222B0100,6,5,8,3,0,10,1,6,3,18,21,25,1,4,0,1,24,0
060222E0100,6,5,10,17,3,4,1,12,6,7,21,23,1,9,0,1,7,0
060223B0100,6,5,32,30,5,23,2,18,12,19,59,60,5,24,3,2,38,0
060223E0100,6,5,9,5,0,4,1,4,3,4,9,10,0,1,0,0,4,0
060224B0100,6,5,24,18,6,9,4,8,6,10,30,39,1,19,0,0,16,0
060225B0100,6,5,24,32,3,22,4,19,12,18,35,54,1,17,3,1,17,0
060225C0100,6,5,27,30,4,10,1,14,14,7,40,53,1,15,2,1,23,0
060226B0100,6,5,35,26,3,14,3,25,10,13,36,42,0,20,2,1,14,0
060226E0100,6,5,19,21,4,9,1,10,7,13,21,28,0,10,3,1,11,0
060226E0200,6,5,11,21,3,15,1,6,4,10,20,30,1,12,1,1,15,0
060227B0100,6,5,34,39,5,25,7,20,22,35,45,62,3,23,2,1,31,0
060227E0100,6,5,17,20,1,8,2,3,3,8,20,28,1,7,0,3,12,0
060228B0100,6,5,21,27,5,19,1,14,12,20,35,39,2,17,2,6,20,0
060228C0100,6,5,16,26,7,16,4,14,10,24,34,35,2,16,2,5,28,0
060228E0100,6,5,9,16,3,8,1,14,8,13,25,19,1,10,0,1,19,0
060228E0200,6,5,31,31,6,17,2,16,12,18,58,60,2,21,6,3,36,0
060228E0300,6,5,17,15,3,9,3,13,7,9,22,30,3,8,0,2,13,0
060229B0100,6,5,11,15,2,9,2,6,8,12,10,17,0,5,2,1,9,0
060230B0100,6,6,40,41,12,17,8,13,12,15,50,63,5,26,4,5,37,0
060230C0100,6,6,28,33,5,16,3,17,14,21,56,67,6,34,1,5,30,1
060230E0100,6,6,28,31,7,14,4,13,12,31,48,54,4,30,3,5,31,0
060230E0101,6,6,40,43,4,18,4,24,12,21,47,43,4,18,2,6,29,1
060231B0100,6,5,11,10,3,11,1,11,7,10,16,19,1,4,3,0,10,0
060231E0100,6,5,6,9,2,5,1,3,7,4,22,13,0,3,1,0,10,0
060232B0100,6,6,14,22,2,12,1,8,19,13,31,32,3,14,2,3,14,0
060232C0100,6,6,23,23,4,13,2,15,11,14,39,32,3,13,2,3,22,0
060232E0100,6,6,16,14,2,9,1,13,8,16,30,23,4,7,1,3,18,0
060233B0100,6,6,27,32,6,13,4,20,16,25,51,45,2,20,2,3,29,1
060233C0100,6,6,26,24,7,19,4,13,10,23,56,55,3,24,3,2,24,0
060233E0100,6,6,22,20,6,11,1,12,7,13,30,21,2,10,2,1,28,0
060233E0101,6,6,13,25,3,7,4,15,4,20,27,35,3,11,4,1,29,0
060234B0100,6,6,36,44,5,26,7,22,14,30,50,67,3,22,3,3,32,0
060234C0100,6,6,26,47,6,22,4,27,20,29,52,70,1,30,1,2,39,1
060234C0200,6,6,23,29,13,24,4,27,20,26,70,69,2,25,3,1,23,1
060235B0100,6,5,32,36,6,22,1,15,11,28,61,58,0,20,3,2,31,0
060235C0100,6,5,27,35,5,16,4,25,12,27,46,49,0,27,4,1,34,0
060236B0100,6,5,28,42,7,20,8,15,11,28,42,60,4,20,4,4,27,0
060236C0100,6,5,28,37,8,14,5,19,17,16,58,57,6,21,2,1,28,1
060236C0200,6,5,32,33,5,22,2,23,16,20,51,46,1,19,3,1,23,1
060236C0300,6,5,30,34,9,11,2,25,16,27,46,60,5,22,5,2,38,0
060236C0400,6,5,28,32,12,18,3,22,9,23,70,53,5,23,2,3,23,0
060236E0100,6,5,32,41,8,33,2,23,4,30,54,72,0,22,2,2,27,1
060236E0101,6,5,36,34,6,17,5,18,23,27,59,73,3,22,4,2,28,1
060236E0102,6,5,22,45,5,18,2,20,10,37,48,60,8,21,0,3,45,0
060236E0103,6,5,29,36,7,19,5,19,21,32,51,60,3,24,2,2,33,1
060236E0104,6,5,29,40,4,28,7,15,27,33,55,56,4,25,1,3,39,0
060236E0200,6,5,32,32,8,22,7,21,24,20,69,62,5,25,3,4,32,0
060236E0201,6,5,34,44,9,23,4,28,18,24,53,67,4,20,4,4,38,3
060236E0202,6,5,39,43,3,22,2,24,16,30,50,62,5,20,3,6,31,0
060236E0203,6,5,34,53,12,20,4,16,14,23,70,63,8,18,1,3,47,0
060236E0300,6,5,51,40,7,27,3,17,17,30,54,50,2,24,0,4,37,0
060236E0301,6,5,23,33,12,19,2,22,22,26,66,67,5,24,4,0,39,0
060236E0302,6,5,34,55,13,17,5,22,13,21,56,83,5,21,0,6,33,0
060236E0303,6,5,37,49,5,9,6,18,19,32,60,69,3,25,2,4,44,0
060237B0100,6,5,32,45,10,24,6,15,18,34,53,60,1,17,7,5,39,1
060237C0100,6,5,38,45,5,22,7,17,19,27,68,66,6,19,1,3,37,0
060237C0200,6,5,36,52,6,26,7,20,14,29,60,50,6,27,2,3,34,0
060238B0100,6,2,33,35,4,29,9,17,24,25,45,75,2,25,2,4,27,1
060238C0100,6,2,15,39,8,19,4,21,9,37,57,66,6,27,2,4,37,0
060238C0200,6,2,25,44,6,20,4,19,15,37,58,53,4,31,5,0,32,0
060238C0300,6,2,27,37,6,25,2,18,19,30,58,60,6,27,1,5,31,0
060238C0400,6,2,25,32,5,19,5,19,16,36,65,57,3,18,1,1,33,1
060238E0100,6,2,27,42,4,20,3,20,14,22,66,63,3,24,3,4,30,0
060238E0101,6,2,35,32,5,16,2,19,14,27,50,62,5,19,3,4,32,1
060238E0102,6,2,33,28,10,11,3,26,20,29,60,62,3,22,4,4,32,1
060238E0103,6,2,29,38,4,15,3,17,18,29,52,55,2,23,5,3,30,1
060238E0104,6,2,34,43,6,21,4,25,20,19,51,70,5,23,0,2,39,0
060238E0105,6,2,36,29,10,18,3,17,15,18,56,54,3,26,4,8,36,0
060238E0200,6,2,27,46,5,15,4,23,15,26,65,58,4,19,3,2,31,1
060238E0201,6,2,30,38,12,19,9,16,14,25,67,50,6,33,1,3,45,0
060238E0202,6,2,37,35,7,22,4,22,22,29,44,56,4,29,1,5,39,0
060238E0203,6,2,42,35,9,20,4,27,22,26,52,55,1,25,2,4,35,0
060238E0204,6,2,37,52,11,19,3,25,15,33,43,60,4,20,4,1,30,1
060238E0205,6,2,30,38,10,17,2,27,18,16,51,59,4,27,3,4,30,0
060238E0206,6,2,34,44,5,17,5,18,11,36,63,56,2,23,4,6,34,0
060238E0300,6,2,27,45,7,27,8,23,17,27,72,62,5,26,1,4,32,0
060238E0301,6,2,24,33,6,18,5,23,12,31,81,55,5,23,2,1,33,0
060238E0302,6,2,22,48,6,18,5,23,18,25,48,66,6,31,5,2,46,0
060239B0100,6,2,25,27,7,13,2,16,10,18,44,45,2,10,1,3,19,0
060239C0100,6,2,19,23,7,12,3,19,10,15,35,38,0,17,2,1,26,0
060240B0100,6,6,35,49,9,18,7,25,18,27,51,71,5,30,3,8,29,0
060240C0100,6,6,29,34,7,13,4,25,13,29,62,55,6,25,5,1,32,0
060241B0100,6,5,41,31,6,16,4,24,15,25,61,63,6,17,2,2,37,2
060241S0100,6,5,61,64,11,34,11,34,31,38,113,100,6,46,4,8,67,0
060242B0100,6,2,23,45,8,19,0,20,14,29,48,48,2,13,3,1,31,0
060243B0100,6,2,27,37,8,16,3,21,18,21,47,58,3,24,1,2,30,0
060243C0100,6,2,27,37,7,17,3,14,12,24,54,52,4,25,3,3,42,0
060243C0200,6,2,26,31,5,22,8,15,13,19,54,61,4,23,2,1,27,0
060244B0100,6,2,23,41,9,19,11,19,23,30,52,60,7,22,2,3,40,0
060244C0100,6,2,32,36,13,22,6,19,12,33,49,71,5,26,4,2,33,0
060244C0200,6,2,32,57,6,20,5,26,12,21,55,65,2,24,3,3,29,0
060244C0300,6,2,35,42,10,21,2,15,21,19,59,69,1,24,5,3,30,0
060244C0400,6,2,33,50,8,30,3,17,13,25,45,57,7,19,1,5,40,0
060244C0500,6,2,24,29,13,32,4,16,24,24,38,51,2,24,2,3,53,1
060244C0600,6,2,27,38,9,20,3,25,14,25,63,55,5,26,4,5,27,1
060244C0700,6,2,34,35,8,12,4,24,14,27,60,70,3,21,3,5,33,0
060244C0800,6,2,18,44,9,22,7,20,20,19,58,66,4,26,1,4,29,1
060244C0900,6,2,33,40,6,27,7,20,18,27,63,46,5,20,3,3,25,1
060244C1000,6,2,31,33,7,26,6,28,19,24,44,56,4,30,1,3,40,0
060244C1100,6,2,30,36,7,24,3,25,16,22,63,52,1,28,1,4,37,1
060245B0100,6,5,30,35,8,20,4,17,13,30,63,57,1,18,2,4,37,1
060245C0100,6,5,27,52,6,18,2,24,12,32,45,67,3,24,2,0,37,1
060245C0200,6,5,32,42,6,15,4,21,8,23,57,64,4,28,1,4,40,0
060246B0100,6,2,24,40,6,16,3,21,11,35,56,64,5,16,0,7,27,0
060246C0100,6,2,27,35,6,19,4,21,16,24,44,55,4,24,2,4,32,0
060246C0200,6,2,23,30,4,20,6,26,11,26,55,56,4,20,1,2,32,0
060246C0300,6,2,27,34,3,21,4,21,10,26,48,56,5,8,1,2,35,0
060247B0100,6,5,12,18,3,6,4,8,6,14,25,24,1,8,1,1,14,1
060247S0100,6,5,57,68,14,36,6,34,21,51,102,127,7,46,2,5,70,0
060248B0100,6,2,41,44,13,17,6,25,9,20,54,54,4,22,3,3,26,1
060248C0100,6,2,23,45,12,20,2,18,15,32,58,50,5,25,0,3,35,0
060248C0200,6,2,29,30,8,23,3,26,11,41,52,52,5,27,6,4,35,0
060248C0300,6,2,42,39,5,21,5,25,18,25,58,53,3,21,1,3,34,0
060248C0400,6,2,32,41,14,17,3,20,14,24,56,70,4,28,2,3,32,0
060248C0500,6,2,36,37,5,32,3,19,13,27,73,66,2,22,1,4,30,0
060248E0100,6,2,36,40,8,23,1,20,15,25,53,70,0,39,3,2,24,0
060248E0101,6,2,22,44,10,14,6,24,8,28,53,58,5,19,6,2,41,0
060248E0102,6,2,28,42,9,17,6,23,14,25,60,51,7,28,3,6,33,0
060248E0103,6,2,41,37,9,22,1,17,6,32,56,41,6,33,5,6,25,0
060248E0200,6,2,30,18,10,21,5,14,17,25,70,50,2,18,1,3,36,1
060248E0201,6,2,25,40,8,25,7,17,13,18,47,71,4,27,5,2,31,0
060248E0202,6,2,29,34,6,19,2,17,18,23,51,66,3,25,7,3,30,0
060248E0203,6,2,36,35,4,20,3,30,13,23,45,61,5,16,1,2,33,0
060248E0204,6,2,28,28,6,13,4,17,23,27,58,46,2,20,1,2,35,2
060248E0205,6,2,31,43,7,17,4,19,18,24,54,70,3,22,0,3,38,0
060248E0206,6,2,33,42,5,14,6,15,20,24,60,48,2,27,4,4,26,0
060248E0207,6,2,24,35,10,22,4,21,16,28,46,56,3,21,1,7,44,0
060248S0100,6,2,53,59,14,34,9,39,32,52,91,104,7,41,4,5,66,0
060249B0100,6,2,32,30,7,18,3,20,22,31,54,67,3,31,2,2,39,0
060250B0100,6,2,41,46,11,17,6,21,9,32,55,76,5,23,1,4,43,1
060250C0100,6,2,19,43,3,22,7,26,13,33,79,62,2,22,1,5,41,0
060250C0200,6,2,33,43,11,12,3,21,11,30,59,59,6,22,2,3,43,0
060250C0300,6,2,32,31,8,22,1,19,16,28,67,58,4,24,2,2,32,1
060250C0400,6,2,39,35,8,28,3,22,16,26,53,52,1,28,1,3,37,0
060250C0500,6,2,40,37,6,16,10,28,20,31,55,57,6,19,4,1,34,0
060250E0100,6,2,26,41,5,26,4,30,14,25,49,49,8,31,4,4,27,0
060250E0101,6,2,33,39,8,13,4,26,15,21,43,61,3,33,6,2,42,0
060250E0102,6,2,40,34,11,29,5,28,9,22,48,68,5,22,4,3,28,0
060250E0103,6,2,26,40,6,16,0,25,19,30,48,58,6,28,4,1,37,0
060250E0200,6,2,33,35,8,18,3,18,8,27,44,61,1,24,0,0,26,0
060250E0201,6,2,32,31,6,16,5,20,14,30,40,65,5,21,0,4,19,0
060250E0202,6,2,27,25,10,24,3,15,13,23,46,50,2,21,1,3,31,0
060250E0203,6,2,36,31,6,18,7,19,13,20,45,53,1,13,1,4,35,1
060250E0300,6,2,40,43,8,18,7,21,16,21,48,43,2,28,3,6,37,0
060250E0301,6,2,23,40,6,24,5,33,15,25,53,53,2,30,0,2,33,2
060250E0302,6,2,21,39,9,17,6,18,13,24,66,54,6,21,0,3,27,1
060250E0303,6,2,39,39,2,17,5,16,18,24,52,62,1,18,1,3,37,0
060251B0100,6,2,42,28,2,18,5,26,15,30,56,43,2,20,6,1,37,0
060251C0100,6,2,29,40,3,13,5,25,6,25,49,63,2,18,2,3,30,0
060251C0200,6,2,27,37,10,17,3,19,7,30,52,50,7,24,3,5,36,0
060251C0300,6,2,26,42,10,30,3,19,13,24,43,56,2,20,2,4,29,0
060251C0400,6,2,31,34,13,17,3,17,17,27,53,52,2,13,2,3,33,1
060251C0500,6,2,29,31,10,16,3,21,18,26,67,53,6,15,1,3,33,0
060252B0100,6,2,29,27,7,20,1,20,11,24,62,41,3,18,1,3,15,0
060252C0100,6,2,25,22,6,12,1,23,10,26,52,39,0,21,1,5,29,0
060252C0200,6,2,24,40,1,8,4,20,10,20,48,43,3,22,1,2,33,0
060253B0100,6,6,34,40,8,21,6,22,22,26,65,50,4,25,4,4,29,0
060253C0100,6,6,29,41,10,20,1,18,15,24,48,65,4,26,5,0,39,0
060254B0100,6,2,22,19,8,13,3,21,8,21,55,54,4,17,2,3,26,0
060255B0100,6,2,15,30,7,15,1,13,9,17,23,30,1,18,0,1,25,0
060256B0100,6,2,12,16,5,15,4,16,7,11,35,37,3,13,0,4,22,0
060256C0100,6,2,18,21,3,13,2,14,8,12,33,39,0,12,1,2,15,0
060257B0100,6,5,18,30,2,12,1,15,17,26,39,55,2,17,2,4,20,0
060257C0100,6,5,17,36,9,23,6,16,12,24,50,47,3,21,3,3,29,0
060258B0100,6,6,32,35,5,16,3,23,19,24,64,49,2,27,2,6,31,0
060258C0100,6,6,26,38,10,10,3,25,21,23,52,69,4,20,5,5,22,0
060258C0200,6,6,27,42,6,16,6,19,15,29,43,63,5,21,3,3,25,0
060258C0300,6,6,19,35,1,16,1,20,14,25,68,64,3,28,4,4,38,0
060258C0400,6,6,28,31,9,16,4,14,13,34,56,66,4,27,0,1,21,0
060259B0100,6,6,25,33,9,20,7,17,12,22,45,38,3,19,2,1,22,0
060259C0100,6,6,26,33,3,14,4,19,13,15,43,55,2,15,0,2,21,0
060259C0200,6,6,25,27,9,22,6,24,10,17,43,57,3,13,2,0,29,0
060260B0100,6,5,33,47,6,25,7,30,12,19,54,61,9,25,0,0,31,0
060260C0100,6,5,30,34,8,13,1,19,19,22,59,67,5,30,3,2,36,0
060260C0200,6,5,40,36,5,17,5,21,16,37,55,55,3,16,3,1,34,0
060260C0300,6,5,29,38,10,24,6,21,14,30,49,51,4,26,1,0,41,0
060261B0100,6,6,23,37,5,15,3,11,16,22,43,56,2,19,2,3,22,0
060261C0100,6,6,24,27,8,24,3,25,5,19,45,39,6,22,2,5,33,0
060261C0200,6,6,23,35,7,15,8,26,11,22,49,53,2,27,3,3,28,0
060262B0100,6,2,37,44,7,15,3,19,18,21,49,60,2,17,1,3,27,2
060262C0100,6,2,29,34,8,20,6,16,15,39,59,50,1,31,3,1,35,0
060263B0100,6,5,28,43,7,20,9,15,14,29,60,46,1,22,3,4,24,0
060263C0100,6,5,34,34,5,14,3,17,12,25,45,59,2,15,2,0,44,0
060264B0100,6,6,33,36,9,16,2,16,14,27,51,50,3,25,4,2,24,0
060264C0100,6,6,25,43,17,25,4,24,9,12,47,54,2,19,1,1,27,0
060264C0200,6,6,25,30,6,16,3,21,11,20,56,56,3,28,2,2,29,0
060265B0100,6,5,21,29,7,17,10,15,13,17,49,52,1,21,0,2,26,1
060266B0100,6,6,18,33,10,16,5,29,15,30,53,62,3,24,3,2,24,0
060267B0100,6,6,31,39,9,10,5,16,16,22,43,48,1,20,3,3,16,0
060267E0100,6,6,25,36,3,18,1,26,15,25,48,64,1,15,2,1,37,0
060267E0200,6,6,24,28,4,13,5,10,15,15,38,41,0,23,3,3,22,0
060268B0100,6,2,27,28,2,24,2,18,10,23,56,47,1,16,0,7,33,0
060269B0100,6,6,32,54,3,17,5,19,9,22,51,63,7,20,1,2,28,0
060269C0100,6,6,30,26,4,15,2,26,12,18,46,52,2,19,1,3,33,0
060269C0200,6,6,32,32,8,17,3,20,16,17,55,49,6,22,3,1,27,0
060270B0100,6,6,24,30,1,17,3,20,8,26,50,51,1,20,1,4,19,0
060270C0100,6,6,21,22,8,14,3,11,9,22,43,49,5,17,2,1,20,0
060270C0200,6,6,17,33,8,20,1,14,11,22,45,49,1,14,3,4,30,0
060271B0100,6,2,32,38,4,15,3,21,14,24,40,52,0,29,1,4,39,0
060271C0100,6,2,28,25,5,18,3,24,20,32,37,63,1,24,2,3,23,0
060271C0200,6,2,20,30,6,25,5,18,24,26,50,46,2,23,5,2,48,0
060272B0100,6,6,32,30,7,24,2,21,8,23,54,63,3,22,3,2,31,0
060272C0100,6,6,40,34,5,13,3,26,11,26,45,74,0,26,1,0,35,0
060273B0100,6,6,8,17,3,12,2,11,7,10,26,28,3,17,2,2,17,0
060273E0100,6,6,27,24,6,16,3,14,12,21,44,36,3,20,1,0,28,0
060274B0100,6,5,4,6,1,6,0,7,2,7,7,16,0,3,0,0,4,0
060274E0100,6,5,12,15,4,11,1,8,3,4,19,35,2,7,2,2,9,0
060275B0100,6,5,25,17,9,13,1,15,7,11,33,28,1,15,0,2,26,0
060275C0100,6,5,19,27,4,12,0,11,6,23,29,38,2,18,2,1,12,0
060275E0100,6,5,8,3,2,8,0,8,2,4,8,13,1,1,0,2,4,0
060276B0100,6,6,18,31,1,11,3,16,5,18,33,32,0,16,2,1,23,0
060276C0100,6,6,24,29,6,14,3,9,9,18,39,48,3,14,1,1,19,0
060276E0100,6,6,5,10,1,2,2,4,2,6,5,11,0,5,1,0,3,0
060277B0100,6,6,31,49,8,20,4,18,18,21,44,53,1,20,1,4,30,0
060277C0100,6,6,29,30,3,19,4,22,17,26,55,54,4,27,6,1,24,0
060277C0200,6,6,31,37,11,17,4,18,18,11,51,49,3,23,3,8,28,0
060277C0300,6,6,27,28,10,17,4,18,13,23,34,53,6,27,2,0,30,0
060277C0400,6,6,34,30,3,15,2,14,22,16,61,60,3,24,1,2,32,0
060278B0100,6,5,24,28,8,15,3,15,20,19,44,65,0,20,1,3,28,0
060278C0100,6,5,26,29,5,18,1,24,13,18,41,42,4,16,1,4,24,0
060279B0100,6,5,22,29,8,17,4,21,10,18,52,36,3,25,4,2,27,0
060280B0100,6,6,38,26,5,19,5,13,14,19,54,66,6,25,3,2,36,1
060280C0100,6,6,19,37,3,14,2,20,12,27,58,62,3,23,1,3,35,0
060280C0200,6,6,27,36,6,17,2,28,10,29,47,55,8,21,8,1,24,0
060280C0300,6,6,32,39,4,25,7,24,10,33,52,58,1,19,2,1,35,0
060280E0100,6,6,28,34,11,25,6,29,12,22,78,78,4,19,0,2,41,0
060280E0101,6,6,34,46,4,14,6,33,19,30,64,59,4,28,3,4,40,0
060280E0102,6,6,41,36,4,17,4,16,19,33,55,58,4,31,5,3,40,1
060280E0103,6,6,30,45,11,21,3,22,17,29,58,57,6,31,4,2,45,0
060280E0104,6,6,35,34,7,20,4,32,18,28,57,62,4,32,1,4,26,0
060280E0105,6,6,31,37,8,19,4,28,12,29,53,69,0,30,6,5,27,0
060280E0106,6,6,32,39,6,23,4,15,12,35,77,68,0,31,4,2,38,1
060281B0100,6,2,19,22,8,13,4,14,11,26,38,49,3,11,0,2,29,1
060281C0100,6,2,14,29,4,13,1,14,15,16,48,34,3,17,0,5,21,0
060281S0100,6,2,44,61,17,40,5,29,27,45,110,105,9,33,7,10,68,0
060282B0100,6,6,27,42,9,17,3,26,17,29,68,61,3,32,0,5,42,2
060282C0100,6,6,37,43,8,25,9,23,17,33,69,54,2,25,3,4,40,1
060282C0200,6,6,30,47,8,27,5,20,18,23,48,58,6,18,3,2,52,0
060283B0100,6,6,31,55,3,19,4,28,11,19,56,68,1,22,4,1,38,0
060283C0100,6,6,31,31,4,26,4,28,20,32,51,56,4,13,4,7,27,0
060283C0200,6,6,33,38,8,17,2,22,13,25,57,54,1,23,2,1,26,0
060283C0300,6,6,24,51,10,15,6,23,11,30,65,58,6,15,1,3,30,1
060283C0400,6,6,27,25,5,19,10,23,11,21,65,55,7,23,1,4,34,0
060284B0100,6,5,15,22,6,10,4,10,6,15,24,32,3,20,1,2,17,1
060284C0100,6,5,17,19,5,12,2,13,16,21,35,42,1,10,1,4,20,0
060285B0100,6,6,33,31,5,26,4,20,14,25,45,52,6,19,4,5,31,1
060286B0100,6,2,16,28,14,13,3,22,22,24,54,46,4,20,1,3,35,0
060286C0100,6,2,18,41,3,23,3,23,18,16,50,54,5,25,1,4,32,0
060286C0200,6,2,24,20,9,24,4,23,10,27,50,54,3,26,5,2,22,0
060286C0300,6,2,28,35,10,17,4,18,17,17,53,52,1,21,0,2,30,0
060287B0100,6,5,19,17,7,16,3,21,18,19,34,43,7,26,2,0,16,0
060288B0100,6,6,26,18,9,12,5,11,13,27,42,47,2,17,3,2,22,0
060289B0100,6,6,27,29,2,9,4,17,10,19,33,46,6,8,2,3,26,1
060289C0100,6,6,15,22,3,17,3,14,8,15,49,53,9,7,0,3,20,1
060290B0100,6,2,41,34,4,20,5,21,9,38,48,54,2,22,4,2,46,0
060290C0100,6,2,30,35,9,17,1,13,10,30,62,60,4,22,3,10,33,1
060290C0200,6,2,32,40,4,33,2,21,11,22,56,66,5,31,2,3,27,0
060290C0300,6,2,30,36,5,19,3,16,19,28,49,61,5,23,4,4,29,1
060290C0400,6,2,33,41,8,23,6,29,23,22,57,55,4,36,1,5,42,0
060291B0100,6,6,38,29,6,26,4,28,10,20,54,79,3,26,1,3,31,0
060291C0100,6,6,19,43,8,13,5,25,21,21,61,68,5,19,4,5,37,0
060291C0200,6,6,27,30,6,22,4,27,20,25,68,66,6,22,2,3,34,0
060291C0300,6,6,30,30,12,26,3,17,20,23,54,69,4,22,6,5,36,1
060291C0400,6,6,29,44,9,13,3,29,22,30,55,48,4,17,6,2,32,1
060291C0500,6,6,43,52,7,24,5,13,9,39,58,68,3,26,2,2,30,0
060292B0100,6,5,21,24,7,19,4,9,9,12,43,49,5,12,0,3,32,0
060292C0100,6,5,27,25,2,12,1,12,12,17,41,43,4,24,1,2,28,0
060293B0100,6,5,21,52,10,22,5,34,23,26,59,62,2,24,3,2,26,0
060294B0100,6,2,17,33,6,20,1,17,10,21,50,53,3,20,1,3,16,1
060295B0100,6,2,30,33,11,27,1,17,4,26,71,57,5,22,2,1,47,1
060296B0100,6,5,30,43,6,26,7,32,16,32,57,63,2,19,0,4,27,0
060297B0100,6,5,26,30,5,20,4,20,14,18,50,44,1,26,1,3,28,0
060297C0100,6,5,24,31,10,18,4,17,10,26,45,50,1,19,0,5,32,0
060297C0200,6,5,29,40,5,20,3,19,11,19,43,55,4,19,3,2,21,0
060298B0100,6,5,30,32,2,16,2,21,22,27,48,50,3,19,1,4,28,0
060298C0100,6,5,21,34,12,15,4,22,19,29,58,55,4,25,2,2,36,1
060299B0100,6,5,19,27,3,17,2,14,15,19,45,58,0,8,2,0,32,0
060299C0100,6,5,27,34,7,15,5,19,19,13,39,33,2,20,1,6,27,1
060300B0100,6,2,27,37,5,21,5,20,13,26,49,58,5,26,1,2,30,0
060301B0100,6,2,22,21,8,6,0,16,12,13,32,39,2,12,0,0,18,0
060301C0100,6,2,22,19,5,12,3,15,5,8,31,39,2,17,1,2,17,0
060302B0100,6,6,20,26,7,16,4,19,15,28,51,47,5,20,3,3,31,0
060302C0100,6,6,29,25,8,14,2,12,11,15,51,47,3,17,0,3,33,0
060302C0200,6,6,15,38,5,12,2,15,10,17,48,49,5,25,2,2,24,0
060303B0100,6,5,22,20,2,15,1,12,9,20,31,46,2,17,3,2,13,0
060303C0100,6,5,21,30,2,12,3,14,11,17,28,43,2,14,5,0,19,1
060304B0100,6,5,24,22,2,10,4,19,4,35,48,37,2,11,1,3,27,1
060304C0100,6,5,22,22,6,17,2,12,17,19,49,36,3,16,0,3,26,0
060305B0100,6,6,28,34,7,23,5,26,12,22,51,50,1,16,1,4,32,0
060305C0100,6,6,31,33,12,21,1,13,12,18,45,53,4,22,1,3,26,1
060306B0100,6,2,19,30,6,10,3,28,16,29,61,45,5,14,3,3,31,0
060307B0100,6,5,16,26,3,8,0,10,8,11,41,38,0,14,1,3,17,0
060307C0100,6,5,18,20,7,14,2,13,15,20,32,46,4,10,1,2,24,0
060308B0100,6,6,23,41,2,25,3,19,13,16,40,62,3,24,1,2,21,0
060308C0100,6,6,25,16,7,24,4,26,17,23,51,59,2,20,2,0,23,0
060309B0100,6,6,27,34,8,17,4,17,19,29,61,62,1,19,2,1,36,0
060310B0100,6,2,23,33,2,11,5,24,14,21,43,42,5,20,2,6,22,0
060310C0100,6,2,32,32,9,17,3,17,12,18,43,46,2,20,0,3,26,0
060311B0100,6,5,34,37,3,22,0,24,12,34,53,58,4,26,4,5,34,0
060311C0100,6,5,40,44,6,23,2,25,11,23,56,64,2,30,1,3,36,0
060311C0200,6,5,31,21,7,25,3,19,15,23,66,45,4,31,1,2,31,0
060312B0100,6,6,28,22,2,21,3,19,15,17,68,67,1,22,4,3,33,0
060312C0100,6,6,32,42,7,12,5,17,19,30,45,61,3,26,3,1,33,0
060312C0200,6,6,36,43,15,17,3,26,11,25,52,59,1,29,4,1,22,0
060312C0300,6,6,40,43,8,14,7,21,12,18,45,58,6,26,2,1,35,0
060312C0400,6,6,26,34,8,22,2,22,20,21,70,56,4,24,4,3,24,0
060313B0100,6,5,16,21,5,18,2,20,11,27,34,38,3,13,1,1,17,0
060313C0100,6,5,19,26,5,14,4,14,10,21,40,28,3,15,1,2,27,1
060314B0100,6,6,32,36,6,19,1,22,16,33,38,70,5,21,2,6,30,0
060314C0100,6,6,35,28,9,20,4,27,19,25,44,62,4,25,2,2,31,1
060315B0100,6,2,29,37,8,18,2,25,19,24,46,58,4,26,0,6,29,0
060315C0100,6,2,29,33,6,17,4,20,12,26,54,58,3,28,2,5,35,1
060315C0200,6,2,26,46,4,21,3,14,14,32,43,62,3,18,1,4,33,0
060315C0300,6,2,28,39,8,25,4,12,8,23,66,53,3,27,3,2,35,0
060316B0100,6,6,23,33,5,24,3,20,15,31,61,57,3,22,2,8,33,0
060316C0100,6,6,30,47,6,28,4,23,10,25,58,62,9,25,2,3,46,0
060316C0200,6,6,30,25,12,20,2,23,25,26,64,58,6,18,1,2,46,0
060316C0300,6,6,21,37,9,27,5,20,17,25,58,54,6,26,0,2,37,1
060316C0400,6,6,25,38,9,22,4,16,16,28,61,66,3,33,2,5,39,0
060317B0100,6,6,28,20,3,11,3,12,6,20,30,35,1,18,1,3,23,2
060317C0100,6,6,23,26,6,13,2,9,5,23,35,29,2,12,2,2,15,0
060318B0100,6,6,20,26,4,20,4,13,7,15,38,55,2,12,1,1,20,0
060318C0100,6,6,21,29,4,9,2,20,7,22,33,54,2,9,0,0,22,0
060319B0100,6,6,21,29,7,15,6,15,7,16,46,52,6,14,0,1,23,0
060319C0100,6,6,20,21,8,17,3,12,10,25,42,49,3,15,4,3,36,0
060320B0100,6,5,21,24,4,7,4,7,7,14,24,38,3,14,3,2,20,1
060320C0100,6,5,16,22,6,10,2,14,9,16,35,41,3,13,3,1,24,0
060321B0100,6,5,26,31,5,21,7,22,21,23,54,61,5,25,3,4,35,1
060321C0100,6,5,21,46,10,20,2,19,20,31,60,65,3,36,1,1,36,0
060322B0100,6,6,22,23,8,11,6,16,16,20,51,44,3,18,4,1,25,0
060323B0100,6,5,19,19,5,21,1,12,12,10,34,44,5,9,3,1,25,0
060323C0100,6,5,16,26,3,14,6,24,9,21,37,28,3,15,1,2,21,0
060324B0100,6,6,37,30,9,21,4,23,23,18,47,54,5,16,1,3,21,0
060324C0100,6,6,27,26,4,16,3,11,13,33,52,59,4,28,2,4,33,0
060325B0100,6,5,33,34,14,21,3,21,13,23,43,55,4,19,3,0,15,0
060326B0100,6,5,12,17,7,13,4,11,9,16,39,34,2,13,1,1,22,0
060326C0100,6,5,18,23,3,18,1,11,11,13,20,39,0,23,4,2,28,0
060327B0100,6,5,15,24,6,7,4,13,8,13,32,38,0,15,1,1,18,0
060328B0100,6,6,30,31,8,20,6,19,13,29,59,67,5,26,5,6,32,0
060329B0100,6,6,37,40,6,23,3,17,23,31,52,64,2,24,1,4,33,0
060329C0100,6,6,35,42,11,15,8,9,13,33,69,67,3,27,2,5,29,0
060329C0200,6,6,28,38,6,27,8,23,18,26,57,58,5,31,3,4,37,0
060330B0100,6,5,7,8,3,6,2,3,2,4,22,14,0,5,2,2,10,1
060331B0100,6,5,9,10,2,9,2,7,3,7,16,21,1,10,1,2,10,0
060332B0100,6,5,14,12,2,4,3,13,9,10,32,28,3,9,2,5,21,0
060333B0100,6,5,13,14,2,10,2,9,9,12,16,29,5,14,0,1,10,1
060334B0100,6,6,23,38,10,21,4,25,22,17,55,55,2,20,1,3,32,0
060334C0100,6,6,21,38,11,18,2,18,13,29,48,62,4,26,0,5,27,0
060334C0200,6,6,26,41,11,16,3,19,20,25,49,53,2,18,2,3,36,0
060334C0300,6,6,31,33,8,25,4,14,14,22,44,59,2,23,2,2,35,0
060335B0100,6,6,20,25,9,16,4,17,8,35,46,66,0,22,1,3,28,0
060335C0100,6,6,18,30,8,12,5,20,14,29,41,49,3,22,2,2,40,0
060335C0200,6,6,27,31,4,14,3,20,8,29,56,54,5,25,2,2,26,0
060336B0100,6,6,19,23,5,20,1,8,13,13,44,45,6,16,0,8,21,0
060336C0100,6,6,23,29,5,8,3,12,17,16,33,43,2,16,5,4,29,0
060336C0200,6,6,16,24,9,11,5,18,10,22,36,40,7,14,3,3,21,0
060337B0100,6,4,29,30,13,26,7,18,19,38,61,67,3,22,1,3,38,0
060337C0100,6,4,20,35,7,16,5,32,18,35,66,59,5,21,3,4,43,0
060338B0100,6,4,26,40,12,24,3,14,17,20,39,35,0,17,2,1,28,0
060338C0100,6,4,34,30,6,18,3,20,13,20,28,67,3,19,1,4,35,0
060338C0200,6,4,40,22,3,10,2,19,13,27,41,64,1,15,0,1,33,1
060339B0100,6,4,21,17,1,15,0,16,9,19,34,40,5,22,1,1,28,0
060340B0100,6,4,28,25,5,24,1,13,12,10,34,43,2,11,2,1,22,0
060341B0100,6,4,13,21,7,11,4,10,6,12,26,27,0,11,0,3,14,0
060342B0100,6,4,15,21,4,11,4,10,13,18,50,35,2,16,0,4,27,1
060343B0100,6,3,18,25,2,12,2,6,9,13,42,30,2,18,0,1,24,0
060343C0100,6,3,13,19,3,14,4,13,12,14,41,45,2,8,1,4,18,0
060344B0100,6,1,17,22,1,14,4,23,6,19,38,37,4,17,0,1,19,0
060344C0100,6,1,19,23,5,11,3,17,4,15,31,35,2,16,1,2,17,0
060345B0100,6,3,30,48,6,21,6,23,15,28,55,66,4,22,0,1,27,0
060346B0100,6,1,17,26,6,14,1,22,7,26,45,45,2,13,2,0,28,0
060347B0100,6,3,39,37,9,22,1,16,24,30,59,68,4,29,0,3,32,1
060348B0100,6,1,25,52,3,15,2,19,17,25,61,61,3,25,2,3,35,0
060349B0100,6,1,23,25,4,15,3,16,7,13,48,32,1,13,2,3,15,0
060349C0100,6,1,18,20,1,16,0,15,16,17,38,33,3,21,2,2,21,0
060350B0100,6,3,25,19,4,10,4,11,9,22,36,28,5,12,2,3,15,1
060350C0100,6,3,26,24,5,13,3,14,9,16,25,26,3,15,1,2,15,0
060351B0100,6,1,13,28,8,10,2,10,11,25,49,29,3,20,1,2,31,0
060352B0100,6,1,32,35,9,15,1,14,17,19,39,58,2,19,0,2,28,1
060353B0100,6,1,25,24,7,12,1,13,14,18,38,29,1,9,3,4,19,0
060354B0100,6,3,37,50,4,26,3,15,12,29,54,59,4,27,2,3,44,0
060355B0100,6,1,24,22,5,17,5,12,10,15,39,36,1,15,2,1,24,0
060355C0100,6,1,17,16,10,10,6,17,10,18,31,43,3,18,1,0,25,0
060356B0100,6,1,30,39,6,29,7,18,14,27,60,68,3,24,0,3,36,0
060357B0100,6,3,18,21,4,12,4,13,13,19,23,28,2,13,0,0,16,0
060357C0100,6,3,21,18,6,13,3,12,7,9,37,32,0,14,0,2,22,0
060358B0100,6,3,38,37,10,7,3,22,12,19,45,65,6,28,2,3,43,0
060359B0100,6,1,15,24,3,14,4,8,16,17,33,39,4,9,1,3,15,1
060359C0100,6,1,17,18,5,12,2,17,7,13,30,28,0,16,0,4,21,0
060360B0100,6,3,24,29,3,19,4,18,21,25,52,45,3,26,5,1,31,1
060361B0100,6,1,19,30,6,9,3,18,6,18,31,50,1,14,2,1,14,0
060361C0100,6,1,26,21,4,20,3,13,11,23,43,37,1,18,1,2,21,0
060362B0100,6,4,14,19,6,11,4,17,12,22,42,40,4,17,2,3,24,0
060362C0100,6,4,21,21,10,15,5,20,14,23,41,44,3,13,3,0,27,0
060363B0100,6,1,19,37,8,21,6,14,13,23,42,43,5,23,3,4,27,0
060363C0100,6,1,33,30,2,19,4,15,12,31,40,50,3,19,4,0,23,0
060364B0100,6,1,33,34,9,17,4,20,16,22,62,50,5,12,2,2,33,0
060365B0100,6,1,25,24,5,21,1,24,8,25,51,45,6,15,0,4,21,0
060366B0100,6,1,20,34,11,15,5,24,7,17,57,45,3,27,0,1,33,0
060367B0100,6,1,23,25,8,17,5,16,13,19,51,44,1,23,4,2,23,0
060368B0100,6,1,26,31,10,14,2,17,10,20,40,42,1,23,1,7,27,0
060369B0100,6,1,28,23,5,12,3,8,12,19,46,47,2,22,2,1,25,0
060369C0100,6,1,28,30,7,22,0,22,10,18,38,46,1,13,1,2,26,0
060370B0100,6,1,27,41,9,13,5,20,13,25,40,45,4,21,2,4,23,0
060370C0100,6,1,31,35,6,21,2,16,11,32,51,60,2,17,3,1,29,0
060371B0100,6,1,19,13,5,13,1,9,4,16,29,41,0,18,1,3,20,0
060371C0100,6,1,8,30,5,11,2,13,11,20,25,31,1,18,2,1,18,0
060372B0100,6,1,28,24,8,20,2,9,10,25,56,43,2,17,4,5,25,0
