CLAVE_CASILLA,ID_ESTADO,estrato,PAN,PRI,PRD,PAN_PRI_PRD,PAN_PRI,PAN_PRD,PRI_PRD,PT,MORENA,PT_MORENA,PVEM,MC,PES,RSP,FPM,CI1,CI2,CI3,CNR,NULOS
'160834E0200',16,1,15,7,9,20,15,16,7,10,7,20,14,13,8,1,9,0,32,15,0,2
'160850B0100',16,1,17,9,7,17,9,23,8,15,10,23,17,31,11,2,27,2,44,15,0,7
'160839C0100',16,1,25,7,6,16,17,20,10,11,8,27,28,19,9,0,11,0,36,10,0,3
'160560C0100',16,1,18,7,4,15,9,18,10,14,5,19,16,20,14,1,7,2,31,19,0,7
'160852B0100',16,1,21,10,9,15,16,13,7,18,9,17,26,16,11,0,13,2,40,18,2,1
'160571C0100',16,1,13,8,2,11,4,10,7,12,1,24,13,16,10,1,9,1,34,10,0,3
'160576B0100',16,1,18,8,5,14,12,9,5,7,2,14,8,18,7,1,8,3,22,8,0,6
'160557B0100',16,1,18,8,5,22,11,22,9,23,4,17,18,23,7,0,14,2,43,20,0,2
'160432C0100',16,1,16,8,8,13,14,18,6,12,4,22,12,19,5,0,19,4,32,14,0,1
'160570C0100',16,1,16,3,6,13,7,14,6,14,7,17,14,15,5,1,11,1,37,9,0,5
'160427E0100',16,1,10,2,2,6,4,8,3,7,3,13,7,15,4,1,7,0,20,4,1,3
'161312C0100',16,1,20,10,4,21,16,23,7,11,6,17,19,20,15,0,20,2,48,14,2,4
'160830B0100',16,1,21,7,8,24,16,20,5,21,8,21,23,25,8,0,19,0,41,26,0,5
'160812C0200',16,1,30,9,6,23,17,30,6,16,7,25,16,17,12,0,22,1,56,10,0,6
'160559C0100',16,1,25,8,4,15,15,17,9,15,5,15,14,16,7,0,25,0,41,16,1,2
'161309C0100',16,1,10,7,3,17,14,17,9,18,8,15,23,19,9,1,16,2,36,10,0,3
'161316B0100',16,1,23,11,4,21,16,20,2,16,5,18,23,29,11,1,19,4,40,10,1,6
'162696B0100',16,2,18,8,5,16,11,15,12,20,5,19,11,13,9,1,18,3,37,11,0,2
'160598B0100',16,2,21,5,4,14,18,20,7,13,9,26,22,11,7,0,11,2,39,14,0,4
'162684C0100',16,2,24,12,6,16,8,21,13,25,4,28,22,18,8,2,11,0,44,17,0,1
'160327C0100',16,2,13,3,3,17,11,18,8,22,3,21,16,16,3,3,8,4,26,13,0,4
'160596B0100',16,2,25,8,3,16,13,21,4,19,9,15,20,20,9,0,8,0,35,11,0,2
'160581C0100',16,2,13,7,4,12,9,20,6,18,8,22,17,21,11,1,16,2,36,6,0,2
'160331C0100',16,2,18,7,8,17,7,14,7,14,7,22,25,19,9,1,17,0,35,12,1,2
'162685C0100',16,2,22,8,8,16,15,22,9,16,6,16,13,28,7,2,29,2,52,17,0,5
'160360B0100',16,2,15,5,4,20,12,19,6,10,11,21,19,21,16,0,13,3,37,6,1,5
'160045B0100',16,2,18,9,2,14,24,16,6,15,11,27,19,23,8,2,23,5,39,17,0,4
'161645B0100',16,2,16,13,5,10,9,15,6,10,8,14,20,20,6,0,10,2,32,8,0,3
'161618C0100',16,2,14,12,5,9,11,9,11,15,6,21,14,24,7,3,13,4,34,15,1,5
'161617B0100',16,2,10,9,3,12,14,19,4,18,9,19,15,16,11,1,18,0,37,16,0,3
'161604C0100',16,2,24,14,3,16,9,17,7,16,13,15,22,32,9,0,12,2,51,10,0,7
'161501C0100',16,2,18,8,5,18,9,22,5,12,14,25,20,23,6,3,24,1,49,13,1,4
'161422B0100',16,2,10,3,6,15,14,18,4,16,4,21,12,14,9,1,13,1,34,17,0,2
'161961C0100',16,2,20,13,7,23,17,19,6,23,4,15,24,24,9,0,16,3,28,16,0,5
'161971E0100',16,2,6,4,3,4,4,5,1,7,3,13,9,9,3,0,9,1,12,4,1,2
'160593C0100',16,2,15,4,7,18,20,20,8,14,5,18,19,21,14,0,24,0,46,10,0,4
'160652C0100',16,2,18,9,6,19,11,15,5,9,10,24,23,25,8,1,11,1,36,10,1,3
'160770C0200',16,2,20,6,11,18,15,26,6,20,6,17,18,25,11,0,17,1,35,14,2,4
'160764C0200',16,2,22,10,7,21,12,19,7,13,2,18,16,33,13,0,22,1,36,14,0,4
'160217C0100',16,3,13,4,0,9,7,11,5,11,2,8,17,14,7,0,15,0,24,10,0,2
'162607B0100',16,3,13,7,5,13,11,18,7,19,11,18,19,27,9,0,18,1,44,21,0,3
'161388B0100',16,3,21,12,5,20,15,24,9,22,8,18,29,20,7,1,18,4,56,11,0,7
'162646B0100',16,3,21,6,5,8,8,17,7,25,7,17,15,28,13,0,19,0,39,24,0,1
'160633B0100',16,3,14,2,3,11,14,17,5,16,4,11,12,17,11,0,10,4,24,7,0,3
'160614C0200',16,3,28,8,4,9,16,24,8,16,5,21,20,19,4,1,9,2,38,15,0,1
'162113C0200',16,3,21,8,7,14,12,23,5,22,2,20,21,17,9,1,28,1,42,11,0,7
'162134B0100',16,3,23,9,8,21,10,26,9,16,6,20,18,25,9,3,19,0,51,14,0,6
'162168C0100',16,3,22,6,7,17,12,13,10,17,5,24,13,15,9,1,17,2,35,15,0,2
'160220B0100',16,3,14,6,6,6,10,19,3,12,4,15,15,13,11,0,7,1,29,14,0,4
'160626B0100',16,3,4,1,2,11,5,8,3,5,2,8,6,5,4,1,7,0,12,4,1,2
'161832C0100',16,3,8,11,3,15,13,16,5,8,3,19,24,24,9,0,17,0,43,13,0,8
'162582B0100',16,3,17,3,6,21,14,11,5,19,3,20,19,16,3,0,18,0,37,14,0,7
'162593C0100',16,3,22,4,9,20,19,22,6,17,4,28,22,20,8,0,23,3,30,10,0,7
'162611B0100',16,3,23,7,5,16,16,15,11,15,10,11,16,33,7,1,19,2,41,15,1,2
'161383C0200',16,3,25,6,10,12,17,25,9,22,3,15,18,30,10,3,14,0,31,14,0,3
'162623B0100',16,3,20,8,1,8,11,16,6,13,8,26,18,33,9,3,23,2,42,17,0,6
'162645C0300',16,3,26,9,10,18,7,18,4,15,13,24,22,22,9,2,28,1,44,17,0,2
'162631C0100',16,3,21,10,10,20,14,22,12,20,3,26,21,21,13,2,15,2,47,11,0,2
'162636C0200',16,3,11,8,13,19,11,23,7,19,6,21,16,26,12,2,16,2,38,13,0,5
'160786B0100',16,3,25,8,7,8,21,25,8,10,5,24,13,23,7,1,17,1,38,13,1,2
'162327C0100',16,4,13,9,8,18,13,23,7,27,10,25,23,19,10,3,20,2,36,19,0,7
'161681C0100',16,4,19,8,5,12,6,20,7,14,5,14,17,18,7,0,10,1,42,21,1,4
'161695B0100',16,4,11,8,6,14,6,25,5,20,10,25,21,17,14,2,6,2,42,14,0,4
'160189B0100',16,4,17,11,5,16,14,21,4,20,4,9,15,23,11,0,17,1,38,18,0,5
'162332C0100',16,4,21,9,4,16,7,16,7,15,4,20,19,18,9,0,12,1,30,16,0,7
'162324C0100',16,4,18,2,9,20,7,15,8,19,9,25,20,16,10,1,18,2,35,12,0,5
'162355E0100',16,4,14,2,4,13,4,18,9,10,10,21,10,14,7,0,15,1,34,5,0,6
'162012B0100',16,4,18,7,2,17,14,20,9,11,3,21,23,21,10,1,17,2,40,17,0,4
'161752C0100',16,4,19,7,6,14,11,10,9,13,8,17,19,20,3,0,15,2,29,19,0,3
'161714E0100',16,4,9,10,3,14,18,13,7,14,1,20,12,14,6,0,12,1,22,9,1,2
'160937E0100',16,4,8,0,5,4,10,6,0,7,5,6,14,9,2,2,7,1,22,3,0,3
'162342C0100',16,4,13,7,6,18,14,17,6,20,5,21,17,17,6,1,17,5,32,10,0,1
'161398B0100',16,4,25,6,6,27,22,16,8,14,9,29,18,33,13,1,17,1,44,8,0,4
'161405B0100',16,4,18,6,7,17,6,14,10,16,4,18,18,24,5,1,17,0,29,8,0,3
'161396B0100',16,4,21,11,4,18,20,19,7,16,7,13,19,17,8,2,19,0,43,19,0,3
'161402B0100',16,4,16,6,3,11,11,14,8,22,2,16,8,21,4,0,16,2,34,12,0,5
'161683B0100',16,4,17,10,7,19,5,22,11,14,2,19,20,17,5,0,17,0,34,11,0,2
'161711B0100',16,4,14,7,8,18,14,14,1,13,8,15,20,19,15,0,17,0,31,13,2,4
'160184C0100',16,4,14,5,6,15,8,18,14,9,5,21,15,19,7,1,16,2,33,12,0,4
'161692C0200',16,4,15,5,6,19,16,16,6,11,2,22,22,22,12,0,13,1,39,16,1,4
'161690C0100',16,4,15,5,5,20,6,15,5,19,7,23,12,18,7,0,14,2,33,7,0,2
'162007C0100',16,4,7,3,3,10,10,14,5,13,6,15,14,12,4,0,15,0,30,10,1,3
'160754B0100',16,4,12,7,4,17,11,19,10,7,6,24,16,22,4,1,16,2,21,8,0,1
'160364B0100',16,4,11,7,2,15,7,15,11,6,7,16,18,9,6,1,11,0,29,11,1,4
'162518B0100',16,5,18,6,12,25,18,24,11,13,11,42,13,27,13,1,17,2,41,20,0,4
'161546C0100',16,5,23,7,7,15,9,16,8,17,5,13,15,8,8,0,23,0,31,14,0,2
'161944C0100',16,5,19,7,5,17,13,13,5,11,9,24,19,21,6,1,12,2,41,11,0,0
'162511B0100',16,5,6,5,4,8,12,12,4,10,6,16,11,23,5,0,14,1,35,6,0,4
'162507C0100',16,5,15,5,9,17,12,23,12,15,8,19,29,16,20,0,14,2,44,15,0,1
'160445B0100',16,5,26,5,10,17,17,14,6,25,10,22,20,28,12,0,22,0,51,15,0,5
'162475B0100',16,5,21,12,4,20,10,15,16,17,8,13,21,22,13,1,19,3,41,12,0,7
'161587B0100',16,5,13,11,8,12,16,16,7,17,10,17,16,17,6,1,18,0,37,20,0,5
'161582B0100',16,5,12,4,1,18,11,14,6,6,3,10,13,5,4,0,15,0,18,8,0,4
'162457B0100',16,5,23,11,11,18,10,23,14,25,4,23,17,18,11,1,21,0,44,11,0,6
'161567C0100',16,5,23,6,5,17,12,21,5,20,6,17,18,13,10,0,15,0,40,15,0,6
'161943B0100',16,5,22,3,5,16,11,19,11,11,11,19,16,16,5,1,13,0,29,8,0,4
'162520B0100',16,5,22,10,4,15,12,28,5,21,14,19,17,22,9,2,19,3,44,15,1,2
'160437B0100',16,5,16,3,6,14,8,15,6,8,7,16,16,10,8,1,17,0,29,9,1,2
'161556C0100',16,5,18,7,8,23,11,9,5,16,4,23,12,21,5,0,26,0,43,11,0,4
'162458B0100',16,5,14,8,7,13,16,15,5,14,4,20,25,19,4,0,11,3,28,14,0,3
'162467B0100',16,5,15,5,5,14,9,16,3,17,7,22,23,24,7,0,7,0,42,10,1,3
'162025B0100',16,6,17,12,9,15,17,22,4,16,4,27,29,27,11,0,19,1,43,21,0,2
'162538B0100',16,6,18,3,4,13,17,28,8,13,4,31,14,31,11,1,24,3,44,12,0,2
'161828C0200',16,6,14,9,10,24,16,17,9,14,6,26,22,30,6,3,13,4,44,15,0,4
'162541C0100',16,6,13,9,11,23,13,21,5,14,8,15,12,24,10,3,19,2,39,15,0,4
'162542C0100',16,6,20,11,9,14,12,26,9,24,9,12,15,25,6,4,10,3,38,15,0,4
'160535B0100',16,6,1,1,2,3,1,4,2,5,0,5,6,1,3,0,1,0,6,5,0,0
'160512B0100',16,6,27,15,6,16,16,16,4,14,9,22,21,27,9,1,15,3,57,18,0,2
'160506B0100',16,6,8,5,0,8,7,9,5,8,5,13,6,9,0,0,15,1,11,7,0,4
'160292C0100',16,6,18,7,8,24,12,19,10,13,15,26,22,31,6,0,22,1,56,19,0,4
'162561C0100',16,6,21,9,3,15,12,17,8,28,5,18,24,17,14,1,21,2,56,12,1,6
'160922E0100',16,6,5,2,4,8,4,2,4,8,3,8,4,12,4,0,7,0,15,5,0,1
'160917C0100',16,6,17,5,3,13,7,21,9,9,6,18,20,16,4,1,10,0,23,8,0,5
'160498S0100',16,6,40,23,9,41,35,40,25,36,21,69,42,54,20,7,38,3,87,28,1,10
'160892C0100',16,6,13,14,4,12,10,23,8,18,7,20,23,23,9,2,14,0,46,15,0,3
'160485C0100',16,6,24,12,7,18,11,20,5,10,11,17,22,29,15,1,19,2,37,9,0,3
'160672B0100',16,6,24,8,3,18,15,23,7,21,8,29,21,18,10,2,19,0,59,16,0,3
'160342C0100',16,7,17,5,2,15,16,19,9,3,7,20,19,33,8,2,17,1,51,14,0,3
'160284B0100',16,7,21,6,5,16,13,18,4,10,11,23,18,19,12,1,17,1,29,17,0,2
'160464C0100',16,7,21,9,10,18,18,22,8,23,9,28,19,23,4,0,12,3,51,14,0,6
'160461E0100',16,7,9,1,1,7,12,13,7,6,7,9,13,17,2,1,8,1,23,8,0,5
'161333C0100',16,7,12,3,5,15,10,14,12,13,3,16,16,13,7,0,16,1,28,9,0,1
'161674B0100',16,7,7,4,5,19,7,9,4,16,6,24,9,12,6,1,17,0,33,15,0,2
'160384C0100',16,7,18,8,9,17,20,21,10,20,16,23,19,25,8,1,21,1,51,13,0,4
'160342B0100',16,7,14,4,8,14,20,17,3,13,6,25,16,20,13,0,9,2,47,10,1,0
'161452C0200',16,7,24,13,10,14,12,20,5,20,4,24,23,24,8,1,21,2,36,14,0,3
'162393B0100',16,7,23,11,7,19,9,19,8,25,8,25,19,22,8,0,8,2,36,18,0,5
'162425B0100',16,7,12,5,6,16,15,12,6,10,6,8,5,21,8,1,10,2,30,13,0,6
'162418C0100',16,7,12,9,5,23,9,18,8,19,7,13,9,22,10,0,19,1,46,15,1,2
'162422E0100',16,7,12,5,7,8,8,11,3,14,7,20,13,17,6,0,10,1,25,12,0,0
'162406C0100',16,7,25,6,6,19,16,17,7,12,7,24,27,27,10,0,10,1,46,14,0,6
'162435B0100',16,7,18,3,2,15,5,20,6,7,2,11,13,7,8,0,11,0,18,9,0,1
'161600B0100',16,7,15,6,8,17,18,14,4,12,5,19,18,24,7,1,8,1,28,13,0,1
'160377B0100',16,7,20,9,3,10,12,19,13,15,8,18,23,31,11,3,22,1,44,16,0,3
'160954C0100',16,8,19,7,4,17,16,17,10,6,8,23,23,21,8,2,12,0,41,18,0,3
'161007C0100',16,8,16,8,9,11,12,22,12,17,3,18,17,23,6,4,21,2,43,15,1,1
'161060B0100',16,8,17,9,10,19,14,31,11,18,18,27,20,15,5,2,32,2,35,14,0,5
'160945C0200',16,8,25,6,8,15,13,20,10,17,4,27,11,27,7,0,22,0,37,18,0,6
'161261C0100',16,8,16,9,8,18,20,20,7,10,4,24,16,21,9,0,14,5,33,11,0,5
'161260E0100',16,8,4,2,1,4,6,8,1,2,2,5,7,9,4,0,5,1,10,7,0,0
'161253E0100',16,8,6,2,0,8,12,9,4,14,6,15,10,15,1,1,11,0,18,10,1,3
'161258B0100',16,8,15,8,4,11,13,19,6,12,7,13,16,11,8,0,8,1,38,8,0,1
'161054B0100',16,8,23,8,2,19,10,20,9,11,10,20,13,20,7,3,13,0,36,13,0,7
'162191C0100',16,9,11,6,7,8,13,16,3,13,9,20,19,23,2,0,16,1,22,10,0,3
'162262C0200',16,9,16,10,3,16,7,21,6,22,6,23,20,16,14,0,22,0,39,19,0,5
'162256B0100',16,9,20,10,8,15,12,17,6,17,8,31,24,25,11,0,14,2,43,8,0,6
'162241C0100',16,9,21,4,7,11,8,8,5,8,6,17,16,18,8,2,14,2,30,11,0,5
'162192B0100',16,9,20,10,10,12,11,20,9,14,6,21,17,24,6,1,14,1,32,15,0,2
'162181B0100',16,9,20,12,4,24,17,17,7,15,8,19,19,20,12,1,16,1,45,17,0,6
'162233B0100',16,9,17,7,4,14,16,19,7,10,7,19,18,7,10,0,15,4,39,11,0,2
'162182C0100',16,9,17,6,5,19,10,26,9,20,5,18,15,24,7,1,18,0,39,14,0,5
'162293E0300',16,9,17,4,5,16,14,16,9,24,6,18,8,23,13,1,14,0,47,8,0,4
'162200C0100',16,9,19,6,2,17,12,19,6,22,7,13,19,23,8,1,15,2,43,20,0,3
'161064B0100',16,10,14,13,7,13,12,24,5,17,4,23,29,19,11,2,18,0,36,14,0,4
'161105C0100',16,10,10,11,3,11,15,18,6,20,8,21,30,15,6,0,26,3,51,7,0,1
'161167S0200',16,10,52,15,11,31,35,43,15,38,14,49,42,63,13,3,45,9,84,35,0,6
'161269B0100',16,10,12,10,7,14,15,22,9,13,4,29,22,36,16,1,13,3,49,13,0,5
'161238C0100',16,10,22,9,6,19,10,22,9,13,7,16,18,22,6,3,18,1,35,17,0,3
'161183B0100',16,10,15,6,4,14,8,17,7,7,6,12,8,8,4,0,14,0,31,13,0,2
'161114B0100',16,10,15,4,6,16,15,14,7,6,2,17,26,19,3,2,21,1,28,11,0,3
'161126B0100',16,10,17,5,10,21,12,12,13,16,5,22,25,27,11,0,20,3,33,16,1,4
'161121C0100',16,10,23,7,2,12,18,20,8,18,10,28,15,27,5,0,11,1,51,16,0,2
'161033B0100',16,10,19,9,9,26,9,20,14,16,6,25,12,24,13,0,19,1,37,17,0,4
'161182C0100',16,10,12,9,6,18,14,21,8,10,13,14,13,12,7,1,14,0,43,16,0,6
'160997C0100',16,10,15,4,11,17,10,19,8,16,12,26,17,24,7,2,17,0,49,11,2,1
'161050C0100',16,10,15,5,7,13,10,16,5,19,9,24,20,19,8,0,12,2,42,13,0,5
'161167B0100',16,10,14,1,1,18,7,13,5,13,3,12,14,20,7,0,18,2,36,17,1,5
'161187C0100',16,10,23,9,6,18,16,11,7,16,8,12,16,24,16,0,16,3,45,15,1,4
'161177B0100',16,10,14,6,7,12,21,22,5,23,9,20,22,20,9,0,15,2,31,10,0,3
'162098B0100',16,11,9,7,6,14,15,17,7,17,4,16,15,16,11,1,15,1,34,14,0,3
'161957B0100',16,11,15,8,8,15,10,20,7,16,12,15,19,26,8,0,17,2,25,16,0,6
'160650B0100',16,11,14,11,6,19,15,20,6,17,11,28,15,23,13,1,9,0,52,20,1,6
'160805B0100',16,11,19,4,9,20,19,31,6,14,6,24,23,25,9,0,11,1,34,18,0,2
'162111B0100',16,11,5,3,4,5,7,6,2,11,0,8,5,14,1,0,6,0,25,10,0,1
'160884B0100',16,11,4,2,3,5,7,5,3,4,0,8,8,8,1,1,4,2,13,1,0,3
'160004C0100',16,11,19,6,5,16,11,21,9,9,5,18,18,22,7,3,12,0,59,15,1,3
'161879C0200',16,11,17,6,4,13,14,10,8,15,6,26,23,20,8,2,19,1,38,15,0,5
'161870B0100',16,11,23,11,8,20,13,30,5,14,11,21,18,19,11,0,22,2,48,20,0,4
'162000C0300',16,11,14,10,6,27,10,18,11,18,12,25,19,24,11,2,23,1,45,12,0,2
'160877B0100',16,11,16,7,5,14,11,19,8,17,3,24,11,20,11,1,10,2,30,7,1,2
'161464B0100',16,11,13,10,7,12,16,20,8,19,9,22,20,12,10,0,11,2,25,8,1,1
'162078B0100',16,11,15,13,9,18,14,12,7,14,3,11,13,24,8,2,22,2,41,14,0,3
'161878B0100',16,11,11,8,6,16,11,19,12,23,7,21,17,24,7,2,22,1,43,13,1,5
'160157C0200',16,11,21,10,3,16,10,22,9,15,5,26,13,17,5,1,18,5,53,15,3,2
'161340B0100',16,11,3,2,1,7,1,0,2,4,0,9,2,9,2,0,4,0,11,4,0,2
'161339B0100',16,11,16,7,7,12,8,16,8,10,8,13,14,16,5,0,8,1,23,8,0,1
'160077C0100',16,12,18,10,5,19,17,16,9,19,7,23,19,24,9,2,23,2,30,11,0,5
'160059C0200',16,12,19,7,4,16,12,18,13,15,9,17,15,13,11,2,21,1,44,12,2,2
'160079B0100',16,12,11,5,4,10,10,13,9,12,5,22,17,15,6,0,12,2,35,14,0,5
'160212B0100',16,12,15,7,4,22,8,21,4,13,7,21,16,12,8,0,15,0,37,13,0,4
'161979C0100',16,12,24,8,6,17,13,14,6,10,9,25,20,21,12,0,18,2,35,16,0,6
'160092B0100',16,12,19,10,8,10,8,10,0,17,3,14,13,22,7,0,10,2,34,9,0,4
'161987B0100',16,12,18,6,8,11,16,11,4,15,11,18,24,20,7,2,11,1,36,19,0,4
'161524C0100',16,12,23,2,9,22,13,18,10,17,8,23,27,22,9,1,8,0,48,19,1,7
'161992B0100',16,12,15,3,6,12,5,13,3,11,5,23,9,27,8,1,11,1,31,17,1,3
'160398B0100',16,12,12,8,1,14,7,10,6,13,6,13,14,20,2,0,13,2,40,12,1,3
'160235B0100',16,12,23,3,3,18,16,19,8,23,4,18,12,26,12,1,14,1,43,13,0,8
'160127B0100',16,12,16,2,3,5,5,10,4,16,1,8,10,9,4,1,9,1,26,7,0,0
'161889B0100',16,12,21,7,8,21,15,20,11,15,5,28,23,17,10,2,12,2,47,15,0,5
'160089B0100',16,12,23,6,7,13,18,13,3,18,8,25,12,23,5,0,12,2,53,13,0,1
'160230B0100',16,12,7,2,1,7,8,6,1,8,2,9,6,8,2,0,10,0,10,3,1,1
'160090B0100',16,12,16,10,5,8,14,15,7,6,1,13,15,12,3,2,15,3,32,10,0,3
'160073C0200',16,12,19,9,8,24,12,21,6,19,8,23,26,22,8,1,19,2,47,13,0,3
'160085B0100',16,12,15,11,10,12,12,16,8,10,4,17,17,21,6,1,15,2,34,8,0,9
'160836C0100',16,13,27,8,5,20,17,29,4,24,8,26,21,28,13,1,14,2,53,15,0,8
'160806C0600',16,13,20,14,5,25,24,26,10,29,8,26,24,27,8,1,29,3,59,25,0,6
'160822C0200',16,13,29,14,5,26,9,17,9,17,5,24,24,32,13,0,23,3,49,9,1,8
'160806C0500',16,13,17,9,8,32,8,22,7,22,10,19,26,33,16,1,21,3,63,17,0,7
'160848B0100',16,13,30,15,9,15,22,27,6,24,9,37,12,27,8,2,20,3,55,19,0,6
'160573C0100',16,13,15,17,8,23,16,24,17,25,14,41,30,37,15,0,21,0,53,15,0,4
'160467C0100',16,13,31,9,7,21,19,29,10,27,7,32,25,32,9,1,37,2,50,27,2,9
'160858C0600',16,13,26,11,4,15,22,25,10,28,12,28,27,34,15,1,24,1,61,11,0,8
'160821C0100',16,13,33,8,11,20,18,34,10,24,8,22,34,32,7,0,24,0,50,19,1,8
'160822C0100',16,13,31,16,7,14,15,19,6,32,2,22,19,38,16,2,21,5,49,13,0,3
'160841B0100',16,13,28,12,7,24,19,31,11,31,14,24,26,36,13,1,27,3,53,25,0,10
'160867B0100',16,13,26,8,5,13,16,26,5,22,12,22,21,26,13,0,16,0,54,15,0,4
'161303B0100',16,13,25,13,5,25,19,23,9,23,14,31,29,30,18,1,28,6,43,18,1,5
'160860C0100',16,13,29,9,7,22,16,18,13,21,15,24,38,35,8,1,32,1,45,17,0,7
'160841C0400',16,13,25,8,9,21,15,31,9,23,14,29,28,30,18,2,19,1,61,15,1,2
'161603C0300',16,14,25,6,6,22,24,20,11,15,10,32,20,29,8,0,21,3,48,13,0,1
'160718B0100',16,14,18,12,12,24,23,19,11,30,11,23,24,33,12,1,21,0,52,18,0,7
'161965C0200',16,14,31,13,7,30,11,30,8,18,10,32,23,29,13,1,24,5,51,18,0,6
'161627B0100',16,14,25,15,3,20,17,26,7,27,5,22,29,17,15,0,18,2,50,22,0,10
'160304B0100',16,14,25,5,9,22,18,20,11,18,14,22,26,24,12,2,13,1,50,13,0,4
'161962C0100',16,14,26,8,6,26,21,16,9,24,8,29,37,33,14,0,22,1,64,21,0,5
'160339C0100',16,14,29,8,13,28,20,20,8,28,7,25,32,31,8,1,17,2,48,24,1,4
'160041C0100',16,14,19,9,4,25,12,28,8,23,6,30,22,35,15,1,24,4,44,24,3,6
'162686C0100',16,14,13,12,6,21,21,24,19,19,8,31,22,20,4,2,20,2,51,13,1,7
'161791C0100',16,14,33,16,7,28,22,23,11,22,9,22,29,28,12,2,21,0,68,10,1,8
'160027C0100',16,14,24,6,11,14,11,22,7,30,10,28,21,37,10,3,18,1,57,15,0,8
'161629C0100',16,14,36,13,13,17,21,21,8,31,4,38,25,19,14,1,26,2,39,22,1,2
'161967C0300',16,14,24,12,7,15,13,26,7,20,9,29,21,27,13,0,22,9,42,24,0,8
'161793B0100',16,14,20,12,9,20,20,22,13,16,8,30,29,21,12,2,31,1,56,25,0,3
'161972C0100',16,14,28,10,10,18,20,29,7,28,11,30,34,26,11,1,28,2,62,20,1,3
'160346C0200',16,14,29,7,13,22,19,12,14,24,8,33,30,21,18,4,19,1,39,23,0,7
'162585B0100',16,15,24,13,9,19,18,23,9,22,10,30,29,37,16,2,14,2,62,18,0,6
'161836C0100',16,15,20,9,7,23,15,22,10,18,5,27,29,30,5,2,23,0,37,14,0,7
'162638C0400',16,15,22,6,5,12,21,24,11,21,11,34,24,35,8,3,19,1,38,19,0,10
'162610C0100',16,15,20,16,9,22,21,23,12,25,7,30,21,36,15,0,24,2,66,15,0,5
'162169C0100',16,15,22,7,12,23,16,25,10,21,4,31,26,28,10,1,18,0,40,20,1,3
'162118C0100',16,15,22,13,11,16,16,23,6,32,9,23,32,26,14,1,30,0,49,19,0,7
'162608C0100',16,15,21,11,10,18,16,14,5,15,9,27,23,26,8,2,17,0,47,15,0,13
'162640C0200',16,15,31,9,4,19,19,21,5,18,14,20,28,29,11,2,24,1,38,21,0,6
'162585C0600',16,15,22,9,7,15,20,18,17,26,10,21,21,32,10,0,16,0,61,23,0,1
'162116C0200',16,15,21,6,6,20,11,24,11,16,9,36,25,27,8,4,22,1,55,16,0,7
'162649B0100',16,15,29,13,8,16,18,17,8,18,9,29,21,31,5,1,24,0,44,16,0,3
'162585C0100',16,15,26,10,9,26,14,15,7,24,4,30,30,26,13,0,16,1,63,18,0,8
'162627B0100',16,15,12,10,10,14,21,17,12,28,11,27,22,33,14,2,19,3,46,13,1,4
'162658C0300',16,15,28,15,4,26,19,30,5,29,9,29,28,30,11,2,18,2,51,23,1,5
'161755B0100',16,16,29,11,4,23,13,16,9,19,9,25,29,18,9,1,27,1,38,11,0,5
'161905B0100',16,16,24,13,7,16,18,29,12,25,11,31,29,29,8,0,23,3,60,13,0,3
'162341B0100',16,16,20,15,9,22,18,21,12,26,8,27,24,30,9,1,17,0,52,13,0,6
'161731B0100',16,16,20,13,6,19,14,17,7,26,17,24,29,29,8,0,20,1,49,16,0,5
'161717E0100',16,16,23,10,9,26,15,27,7,16,9,22,24,34,8,4,13,1,53,18,0,6
'160310B0100',16,16,25,7,16,19,19,28,7,21,9,18,27,17,13,0,12,1,51,16,1,3
'161723B0100',16,16,21,10,7,26,26,35,9,25,6,25,26,31,19,1,17,1,38,22,1,4
'162328B0100',16,16,17,9,4,26,18,34,10,25,5,29,28,26,13,2,20,2,32,14,0,3
'161704C0100',16,16,20,5,4,18,18,24,6,24,4,29,18,25,9,0,14,2,42,20,0,7
'161710C0200',16,16,25,12,5,17,16,26,8,28,7,24,14,26,4,0,25,1,52,17,1,4
'162059B0100',16,16,23,12,9,27,12,31,11,24,5,24,24,26,9,0,22,2,36,14,0,7
'161908C0200',16,16,25,8,6,19,12,23,6,26,7,21,26,27,10,2,20,2,51,19,1,2
'161698C0100',16,16,22,5,7,27,7,21,7,25,12,40,15,22,9,1,27,2,55,18,0,6
'162011B0100',16,16,20,11,3,22,14,42,5,31,5,28,28,29,6,1,17,1,52,25,0,8
'162448C0400',16,17,30,6,14,17,14,26,6,28,4,25,26,23,10,0,18,0,44,16,0,8
'162464B0100',16,17,26,6,9,23,15,23,9,31,8,29,21,23,11,0,27,2,57,18,0,5
'161547B0100',16,17,32,17,13,29,26,21,11,27,7,27,24,29,11,2,23,2,55,16,0,9
'162529B0100',16,17,27,12,11,25,19,23,12,21,11,27,23,40,11,0,12,2,62,17,1,0
'161572B0100',16,17,18,12,9,29,20,34,9,14,8,25,30,26,6,2,16,4,45,20,1,5
'162447C0200',16,17,24,12,8,30,14,25,9,28,9,28,21,31,14,1,23,1,54,19,0,3
'161369B0100',16,17,22,9,7,16,13,13,11,19,11,15,23,28,7,0,25,3,42,15,0,5
'161532C0100',16,17,24,10,7,30,14,16,13,19,2,31,25,32,6,2,20,4,46,20,0,2
'162520E0100',16,17,19,9,7,18,18,26,7,14,6,24,19,20,13,1,25,0,44,10,1,7
'160676B0100',16,17,22,7,7,18,16,26,10,19,9,23,22,25,9,1,16,4,57,17,0,2
'162442C0300',16,17,21,11,5,15,17,28,6,18,14,30,27,23,8,4,27,6,58,21,1,6
'162380C0300',16,17,28,5,11,21,17,29,7,20,9,32,24,30,12,2,25,2,49,23,0,4
'160436B0100',16,17,34,9,8,27,25,24,10,23,11,25,28,29,11,0,22,2,50,18,2,8
'161559B0100',16,17,23,4,8,23,12,26,11,26,9,32,29,31,6,1,30,4,54,16,0,3
'161369C0100',16,17,24,10,5,17,11,13,9,16,9,25,25,29,9,3,16,2,44,13,0,4
'161571C0300',16,17,32,7,8,20,24,28,7,20,8,24,25,28,13,1,21,2,51,14,0,3
'162497C0100',16,17,19,8,6,25,16,28,10,20,5,31,19,27,9,1,14,2,52,21,0,5
'162462C0800',16,17,32,9,6,22,22,23,14,21,11,27,25,15,10,4,21,2,42,13,3,6
'160502C0200',16,18,21,12,5,28,20,19,16,22,10,35,36,34,12,1,29,2,58,17,1,2
'160498B0100',16,18,22,9,11,18,13,25,5,25,6,26,23,28,11,1,22,1,39,17,0,8
'160923C0100',16,18,31,6,12,36,14,19,7,14,5,29,26,23,10,4,15,1,54,16,1,8
'160496C0100',16,18,22,9,6,16,14,27,3,18,10,33,27,23,12,1,27,2,47,21,0,5
'160499B0100',16,18,32,8,5,23,18,26,12,19,12,29,22,26,11,0,15,2,53,20,1,3
'160503C0300',16,18,26,10,7,24,20,23,7,16,10,33,22,23,13,4,19,2,42,18,0,4
'160484B0100',16,18,21,7,4,20,15,28,8,26,11,38,32,28,15,1,21,1,47,21,0,8
'160482C0200',16,18,24,11,5,8,24,29,9,27,8,34,26,28,11,0,21,0,39,18,0,2
'160517C0200',16,18,17,6,3,21,15,16,7,20,4,22,20,27,8,0,28,0,45,16,0,3
'162565C0100',16,18,19,9,10,15,20,24,9,23,8,25,30,29,12,0,22,3,51,17,0,2
'160910B0100',16,18,37,14,7,20,21,23,11,27,14,22,31,35,16,2,18,3,54,20,1,2
'160495C0500',16,18,30,10,6,24,17,22,11,22,17,21,19,24,9,1,23,2,60,12,0,5
'162552C0100',16,18,29,9,7,25,7,28,6,22,10,20,26,24,13,0,21,2,48,18,0,1
'161827B0100',16,18,22,13,7,20,21,24,8,28,9,31,21,39,8,2,28,2,63,11,0,9
'161822B0100',16,18,35,9,9,17,25,29,12,19,9,29,22,29,12,2,23,2,46,20,1,8
'160517B0100',16,18,16,8,10,23,17,18,3,22,9,26,15,26,8,2,11,3,57,16,1,7
'160508C0200',16,18,15,8,6,20,20,19,9,22,5,20,28,28,13,0,17,4,40,22,0,3
'160697B0100',16,19,22,7,7,13,12,18,8,23,3,20,16,32,12,1,15,1,48,15,0,4
'161323C0100',16,19,28,4,7,13,17,23,2,33,10,32,27,27,11,1,11,2,43,18,0,2
'161327B0100',16,19,26,10,12,19,17,13,12,16,8,19,18,26,10,2,18,1,61,14,1,5
'161445B0100',16,19,19,7,9,20,14,28,8,20,13,34,20,25,12,1,14,2,54,17,0,2
'161449C0300',16,19,21,7,8,14,14,22,11,24,10,29,15,38,8,1,28,5,53,11,1,4
'161925B0100',16,19,26,10,12,24,18,24,3,21,6,27,31,17,9,0,21,1,49,25,0,3
'162411C0200',16,19,20,11,3,27,14,26,9,18,7,29,24,25,12,0,23,4,52,24,0,6
'161448B0100',16,19,22,11,8,18,10,18,6,18,9,20,26,30,16,0,24,1,51,14,1,0
'160709B0100',16,19,28,9,4,26,10,31,13,23,10,21,28,31,13,2,24,2,60,20,0,4
'162396C0100',16,19,17,7,6,24,16,21,10,24,11,17,30,24,21,0,25,3,64,15,0,9
'162391C0200',16,19,25,7,12,28,14,14,10,24,3,26,24,29,11,3,28,2,57,21,1,5
'160382B0100',16,19,27,14,12,22,24,34,10,23,8,31,21,26,12,0,23,3,49,24,1,4
'160394C0200',16,19,33,9,5,19,14,24,11,24,15,21,29,24,10,0,22,1,55,18,1,5
'160279B0100',16,19,28,9,8,31,19,22,10,31,9,31,21,20,13,1,19,6,62,22,0,5
'160343C0100',16,19,28,12,5,27,22,25,10,20,9,25,26,30,14,1,23,2,45,11,0,5
'162420C0100',16,19,35,10,11,21,25,21,10,14,10,29,29,23,11,0,25,1,54,28,1,4
'162391C0400',16,19,30,12,7,24,20,18,9,22,9,28,25,31,11,1,22,1,44,19,0,8
'160341C0100',16,19,23,12,6,20,21,25,12,30,9,25,21,23,12,1,16,2,43,17,0,7
'162727C0300',16,19,29,11,5,25,21,28,10,22,4,26,33,24,17,1,24,2,45,21,0,7
'162721C0300',16,20,27,13,4,29,19,23,12,27,14,34,20,26,14,0,22,4,43,16,0,4
'160941C0100',16,20,25,15,12,24,20,29,6,24,5,30,27,25,12,0,12,1,43,20,0,7
'161160B0100',16,20,17,7,1,26,22,21,13,16,11,28,28,25,8,1,26,0,53,23,0,9
'161193B0100',16,20,22,14,11,25,18,23,12,19,10,23,31,33,20,0,29,4,53,22,0,3
'161203C0200',16,20,22,10,2,18,20,27,10,16,11,33,31,23,11,1,15,1,56,23,0,5
'162706C0200',16,20,28,14,9,18,17,26,14,19,6,27,18,26,13,1,33,4,51,26,2,5
'161271E0101',16,20,20,7,8,18,14,25,9,20,6,27,24,21,8,1,19,1,46,15,0,6
'162722C0200',16,20,24,20,7,20,15,32,10,20,8,28,26,39,10,0,15,2,54,19,0,6
'162722C0300',16,20,26,10,9,25,15,23,15,18,11,23,31,28,12,1,20,2,59,10,0,9
'161052B0100',16,20,22,17,6,31,14,35,3,25,7,29,21,23,9,1,17,2,48,6,0,7
'161213B0100',16,20,22,10,10,17,12,30,6,16,10,20,22,28,5,1,22,2,45,20,0,5
'161193C0600',16,20,31,12,4,25,19,22,11,20,8,39,18,27,8,2,13,2,64,25,0,4
'161221E0103',16,20,19,10,6,30,13,19,9,20,9,22,30,31,15,1,10,2,58,13,0,6
'161014C0100',16,20,26,18,8,24,16,28,9,20,10,35,39,30,8,0,18,2,43,13,2,3
'162712B0100',16,20,26,10,10,22,7,22,15,18,2,40,26,24,12,1,20,3,48,14,0,9
'162730B0100',16,20,19,9,9,20,16,14,14,22,8,28,30,27,12,1,21,3,49,23,0,6
'161286C0100',16,20,18,6,6,32,25,18,11,18,13,34,35,20,12,1,23,5,44,23,0,4
'162707B0100',16,20,27,11,10,16,20,24,9,23,11,33,30,28,11,3,19,2,50,16,1,7
'161202C0200',16,20,28,14,4,27,33,21,13,24,7,23,27,39,14,1,29,1,39,18,1,5
'161059C0300',16,20,15,8,9,28,16,22,7,16,3,27,31,30,14,1,20,3,52,16,0,8
'161240C0200',16,20,32,7,7,17,22,27,12,24,10,22,28,29,6,2,22,2,47,19,0,10
'161191E0104',16,20,23,9,9,20,15,25,13,26,11,31,23,35,18,2,17,1,50,14,0,6
'161160C0200',16,20,21,9,6,24,20,29,8,19,11,32,21,29,11,1,25,1,46,14,1,8
'162217B0100',16,21,25,8,11,24,27,19,4,20,11,26,20,30,7,3,21,4,63,14,1,3
'162251C0300',16,21,27,6,7,22,15,28,14,19,9,26,25,30,11,1,20,1,46,17,0,4
'162225C0100',16,21,32,10,8,23,22,20,11,28,10,25,18,31,10,1,22,3,49,26,0,5
'162293E0107',16,21,18,8,4,22,29,30,15,20,12,21,32,31,9,0,28,3,60,24,0,4
'162185B0100',16,21,22,9,9,28,23,30,12,28,7,34,18,33,15,1,12,2,53,11,0,5
'162177B0100',16,21,27,11,9,12,21,24,9,26,10,32,21,23,13,1,18,3,56,9,1,1
'162175C0300',16,21,24,10,8,17,16,26,7,28,10,27,20,23,14,0,25,1,40,14,0,7
'162275B0100',16,21,27,12,9,24,21,33,9,24,13,32,27,35,16,2,24,2,50,22,0,5
'162269E0204',16,21,23,12,8,24,20,22,9,23,15,30,17,33,3,3,28,3,58,20,2,2
'162277C0300',16,21,23,4,10,21,17,18,5,26,7,24,28,33,13,1,19,3,66,10,0,6
'162309B0100',16,21,27,19,6,22,17,26,7,14,13,28,29,34,14,0,23,3,46,16,0,10
'162300B0100',16,21,23,12,11,24,8,25,12,22,8,24,26,25,14,1,20,2,50,19,0,1
'162269B0100',16,21,31,9,3,15,18,25,4,27,10,23,18,28,5,1,17,1,46,8,1,7
'162261C0200',16,21,19,8,7,24,22,22,6,22,10,21,19,29,9,1,16,3,53,17,1,9
'162293C0200',16,21,22,13,7,12,15,19,6,19,9,36,21,23,16,0,28,2,50,15,2,9
'162226B0100',16,21,27,9,6,29,15,26,16,28,15,34,20,26,12,1,19,1,57,22,0,8
'162231C0200',16,21,28,13,9,18,19,30,11,18,4,27,25,36,8,2,27,2,57,17,0,8
'161088B0100',16,22,21,6,11,27,12,29,9,26,9,27,26,29,11,2,21,2,65,19,0,5
'162692C0300',16,22,30,8,9,34,16,30,8,19,6,21,26,24,22,4,21,1,52,18,0,4
'161137B0100',16,22,17,13,13,24,16,29,4,12,8,24,7,27,21,1,25,5,54,20,2,3
'161107C0200',16,22,27,9,6,22,18,18,15,16,7,21,30,26,8,3,19,1,60,20,0,4
'161285C0100',16,22,31,8,4,29,17,11,7,23,11,39,31,35,9,1,20,0,54,12,1,4
'161118B0100',16,22,22,9,6,19,17,26,12,23,10,37,27,34,10,0,13,1,64,11,0,5
'161236C0300',16,22,30,7,14,30,14,23,13,27,4,34,27,28,8,1,22,3,58,27,2,5
'161035C1000',16,22,29,13,11,24,18,24,9,19,5,24,35,28,7,4,30,1,41,15,0,6
'160970B0100',16,22,23,8,7,25,23,22,9,30,7,24,24,32,15,1,20,3,49,24,1,7
'161262B0100',16,22,26,18,7,26,16,22,11,31,7,25,22,28,16,0,21,1,59,9,0,10
'161140B0100',16,22,31,17,12,16,12,22,14,22,7,31,20,24,8,0,19,3,39,18,1,4
'161268C1000',16,22,18,8,13,29,15,35,15,28,5,27,26,41,10,1,23,3,61,17,1,7
'161098B0100',16,22,31,8,5,23,22,28,7,17,14,29,26,21,8,0,19,2,55,21,0,3
'162703C0600',16,22,26,19,11,20,18,29,12,25,6,22,20,27,7,2,17,5,50,29,0,2
'161276B0100',16,22,18,12,4,23,17,31,7,24,8,24,27,19,11,1,13,2,48,16,1,10
'161159C0300',16,22,21,15,10,21,20,24,15,21,11,35,32,28,15,1,20,1,48,21,0,5
'161164C0100',16,22,16,12,6,19,22,25,12,24,8,29,24,33,10,1,24,8,51,19,0,6
'161226C0100',16,22,27,10,12,17,19,15,9,25,13,21,30,26,9,2,23,2,55,19,0,8
'161077B0100',16,22,18,16,6,18,14,18,11,27,14,26,29,27,13,1,15,4,51,24,1,4
'160991B0100',16,22,18,7,5,26,22,27,9,30,2,29,21,27,7,2,26,2,58,26,0,7
'161457C0100',16,23,23,4,7,26,22,21,8,18,6,26,17,25,15,0,27,4,53,14,0,3
'161867C0300',16,23,15,7,15,27,16,31,6,22,2,29,32,29,9,0,24,4,42,19,1,11
'162155B0100',16,23,16,8,14,26,17,23,11,17,12,20,26,33,11,0,22,2,54,18,0,5
'161854C0100',16,23,25,9,7,23,19,29,8,28,5,29,34,23,10,1,27,2,63,18,0,5
'160647C0200',16,23,27,10,4,26,24,34,10,26,10,26,25,29,14,1,21,1,50,13,0,3
'161474C0200',16,23,23,2,9,32,17,29,8,26,10,34,16,23,14,2,16,2,51,20,0,4
'161470C0500',16,23,11,6,6,30,15,37,9,12,6,25,26,25,11,0,21,5,52,14,0,5
'161955B0100',16,23,27,13,5,17,11,26,9,29,10,33,25,20,13,0,24,1,54,15,0,7
'161996C0200',16,23,20,13,8,22,18,37,8,31,7,33,22,25,12,3,26,2,51,13,0,11
'161475C0200',16,23,25,13,4,27,17,28,5,23,9,21,15,31,12,0,18,4,55,20,0,5
'161487B0100',16,23,25,10,13,25,20,29,8,24,6,25,35,37,10,0,16,4,54,16,2,13
'161844C0100',16,23,27,14,9,18,16,38,7,23,12,23,20,42,10,0,24,7,54,15,0,6
'161876B0100',16,23,26,10,7,29,20,20,8,17,13,24,19,24,10,4,25,3,34,22,2,7
'161480C0100',16,23,23,7,4,18,23,32,6,27,13,33,25,32,13,1,25,3,58,15,0,4
'161820C0100',16,23,22,9,5,19,13,21,7,18,7,20,23,26,11,1,21,3,53,12,0,3
'161472B0100',16,23,17,9,9,22,22,22,11,26,8,24,20,22,6,0,12,2,37,19,0,3
'161803C0200',16,23,29,7,7,21,16,24,7,14,8,29,22,20,14,0,18,0,55,17,0,3
'161470B0100',16,23,27,12,5,18,18,35,10,22,7,22,21,18,9,0,30,1,50,13,0,9
'160240C0200',16,24,28,11,7,21,16,28,9,16,4,26,24,27,18,1,21,2,59,14,0,4
'160200B0100',16,24,16,21,5,19,20,26,7,26,2,24,22,31,17,0,25,1,47,19,1,10
'160242C0400',16,24,26,8,3,25,23,18,6,20,7,31,31,23,9,1,21,0,46,17,0,6
'161980B0100',16,24,35,6,8,19,22,18,6,25,5,22,18,26,8,1,18,1,53,13,0,4
'161884C0400',16,24,29,11,5,20,16,27,10,19,9,37,19,31,11,0,29,0,41,13,2,2
'161523C0100',16,24,21,6,6,17,16,34,11,13,9,30,21,29,20,2,21,1,47,9,1,5
'160082C0100',16,24,18,9,11,24,24,24,7,30,9,31,14,26,11,1,28,2,44,20,1,8
'161885B0100',16,24,25,11,9,18,13,24,10,25,9,32,26,27,15,1,21,4,55,14,0,1
'160111C0300',16,24,23,10,4,25,16,23,11,21,8,23,23,34,14,2,16,0,37,18,0,6
'161525B0100',16,24,22,13,8,24,15,16,8,31,11,28,16,29,19,2,15,3,50,16,0,1
'161354C0100',16,24,20,15,6,29,26,25,6,16,10,27,28,22,10,0,17,1,44,12,0,8
'160201C0100',16,24,20,11,8,23,17,24,15,18,5,33,17,28,12,0,18,0,61,16,0,1
'160202B0100',16,24,20,4,10,25,15,16,10,22,13,30,25,19,9,0,31,2,53,16,1,7
